tag,cond,algo,profile,rep,delay_ms,t_sim_s,eta_pct,eta_tick_pct,t_settle_ms,sigma_ss_pct,n_req,n_fail,rtt_mean_ms,rtt_p50_ms,rtt_p99_ms,timeout_s,wall_s
A_po_P1_r1,A,po,P1,1,0,10,98.1358,98.1372,,1.35613,20000,0,0,0,0,0.5,792.972
A_po_P1_r2,A,po,P1,2,0,10,98.1358,98.1372,,1.35613,20000,0,0,0,0,0.5,1076.57
A_po_P1_r3,A,po,P1,3,0,10,98.1358,98.1372,,1.35613,20000,0,0,0,0,0.5,1127
A_po_P1_r4,A,po,P1,4,0,10,98.1358,98.1372,,1.35613,20000,0,0,0,0,0.5,722.563
A_po_P1_r5,A,po,P1,5,0,10,98.1358,98.1372,,1.35613,20000,0,0,0,0,0.5,717.256
A_po_P2_r1,A,po,P2,1,0,10,96.8147,96.8166,0,4.54339,20000,0,0,0,0,0.5,844.969
A_po_P2_r2,A,po,P2,2,0,10,96.8147,96.8166,0,4.54339,20000,0,0,0,0,0.5,1184.72
A_po_P2_r3,A,po,P2,3,0,10,96.8147,96.8166,0,4.54339,20000,0,0,0,0,0.5,1157.26
A_po_P2_r4,A,po,P2,4,0,10,96.8147,96.8166,0,4.54339,20000,0,0,0,0,0.5,768.636
A_po_P2_r5,A,po,P2,5,0,10,96.8147,96.8166,0,4.54339,20000,0,0,0,0,0.5,761.581
A_po_P3_r1,A,po,P3,1,0,10,97.9834,97.9849,0,1.33447,20000,0,0,0,0,0.5,1808.94
A_po_P3_r2,A,po,P3,2,0,10,97.9834,97.9849,0,1.33447,20000,0,0,0,0,0.5,1318.71
A_po_P3_r3,A,po,P3,3,0,10,97.9834,97.9849,0,1.33447,20000,0,0,0,0,0.5,846.999
A_po_P3_r4,A,po,P3,4,0,10,97.9834,97.9849,0,1.33447,20000,0,0,0,0,0.5,730.749
A_po_P3_r5,A,po,P3,5,0,10,97.9834,97.9849,0,1.33447,20000,0,0,0,0,0.5,755.53
A_pso_P1_r1,A,pso,P1,1,0,10,97.4225,97.4237,,0.0452936,20000,0,0,0,0,0.5,813.999
A_pso_P1_r2,A,pso,P1,2,0,10,97.4352,97.4364,,0.0409073,20000,0,0,0,0,0.5,1135.72
A_pso_P1_r3,A,pso,P1,3,0,10,97.4273,97.4286,,0.0396933,20000,0,0,0,0,0.5,1131.25
A_pso_P1_r4,A,pso,P1,4,0,10,97.4467,97.4479,,0.0404543,20000,0,0,0,0,0.5,740.789
A_pso_P1_r5,A,pso,P1,5,0,10,97.4545,97.4558,,0.0455184,20000,0,0,0,0,0.5,731.365
A_pso_P2_r1,A,pso,P2,1,0,10,94.5284,94.5303,1.5,19.5759,20000,0,0,0,0,0.5,1910.36
A_pso_P2_r2,A,pso,P2,2,0,10,94.5584,94.5611,0.5,21.9152,20000,0,0,0,0,0.5,1400.08
A_pso_P2_r3,A,pso,P2,3,0,10,94.4742,94.4765,0,19.5173,20000,0,0,0,0,0.5,893.801
A_pso_P2_r4,A,pso,P2,4,0,10,94.5836,94.5859,0,19.4262,20000,0,0,0,0,0.5,772.319
A_pso_P2_r5,A,pso,P2,5,0,10,94.5229,94.5254,0,20.5742,20000,0,0,0,0,0.5,795.956
A_pso_P3_r1,A,pso,P3,1,0,10,95.4798,95.481,0.5,0.0525621,20000,0,0,0,0,0.5,1910.87
A_pso_P3_r2,A,pso,P3,2,0,10,95.4668,95.4681,0,0.04459,20000,0,0,0,0,0.5,1324.31
A_pso_P3_r3,A,pso,P3,3,0,10,95.5025,95.5038,1,0.0521656,20000,0,0,0,0,0.5,849.514
A_pso_P3_r4,A,pso,P3,4,0,10,95.4981,95.4994,0,0.0457497,20000,0,0,0,0,0.5,744.665
A_pso_P3_r5,A,pso,P3,5,0,10,95.5163,95.5176,0,0.0525621,20000,0,0,0,0,0.5,746.271
B_po_P1_r1,B,po,P1,1,0,10,98.2802,98.2815,,4.05544,161,0,61.7663,57.1113,141.539,0.5,644.739
B_po_P1_r2,B,po,P1,2,0,10,98.4352,98.4365,,8.62908,148,2,60.9385,57.4416,124.076,0.5,602.701
B_po_P1_r3,B,po,P1,3,0,10,98.2561,98.2574,,3.53395,178,0,55.7502,54.0741,96.0572,0.5,524.551
B_po_P1_r4,B,po,P1,4,0,10,88.9297,88.9305,,14.9069,177,0,56.3073,53.7695,95.4117,0.5,518.417
B_po_P1_r5,B,po,P1,5,0,10,90.6905,90.6913,,3.94524,179,0,55.4043,53.4781,92.3081,0.5,528.214
B_po_P2_r1,B,po,P2,1,0,10,97.3976,97.3995,0,4.52675,166,0,60.0304,56.647,97.6947,0.5,620.852
B_po_P2_r2,B,po,P2,2,0,10,97.4202,97.4221,0,4.75316,168,0,59.066,56.0574,108.09,0.5,602.338
B_po_P2_r3,B,po,P2,3,0,10,90.1725,90.174,45.5,3.54416,181,0,54.8516,54.1131,78.374,0.5,542.762
B_po_P2_r4,B,po,P2,4,0,10,90.297,90.2985,0,3.65572,176,0,56.5222,54.0119,96.7289,0.5,554.296
B_po_P2_r5,B,po,P2,5,0,10,97.4836,97.4855,0,3.36355,175,0,56.7167,54.3373,91.314,0.5,555.875
B_po_P3_r1,B,po,P3,1,0,10,87.5877,87.5886,0,4.26333,175,0,56.8032,54.3721,105.06,0.5,554.959
B_po_P3_r2,B,po,P3,2,0,10,97.9334,97.9349,0,4.35341,176,0,56.4917,54.0966,102.814,0.5,534.204
B_po_P3_r3,B,po,P3,3,0,10,98.0195,98.021,0,4.28466,178,0,55.9792,55.3681,95.4877,0.5,539.719
B_po_P3_r4,B,po,P3,4,0,10,89.6507,89.6517,0,4.44559,181,0,54.9136,52.8293,88.1663,0.5,543.891
B_po_P3_r5,B,po,P3,5,0,10,89.8729,89.8738,0,4.60799,182,0,54.466,52.6641,93.8839,0.5,544.41
B_pso_P1_r1,B,pso,P1,1,0,10,93.4938,93.4948,,3.54791,165,0,60.3262,56.3007,108.249,0.5,614.301
B_pso_P1_r2,B,pso,P1,2,0,10,95.1488,95.1499,,2.57475,171,0,58.1144,54.5096,118.957,0.5,608.611
B_pso_P1_r3,B,pso,P1,3,0,10,93.7232,93.7243,,2.04247,178,0,55.8861,53.0871,97.3459,0.5,534.134
B_pso_P1_r4,B,pso,P1,4,0,10,95.0421,95.0432,,2.26412,177,0,56.3633,53.5254,101.48,0.5,540.839
B_pso_P1_r5,B,pso,P1,5,0,10,94.5133,94.5143,,2.38869,184,0,53.8562,53.1898,89.0017,0.5,540.322
B_pso_P2_r1,B,pso,P2,1,0,10,93.2579,93.2596,0,17.203,161,0,61.8478,56.7008,126.078,0.5,698.386
B_pso_P2_r2,B,pso,P2,2,0,10,93.1387,93.1404,0,16.0179,164,0,60.5572,54.9985,153.857,0.5,591.326
B_pso_P2_r3,B,pso,P2,3,0,10,92.908,92.9096,0,4.83963,179,0,55.432,54.0905,91.9306,0.5,573.376
B_pso_P2_r4,B,pso,P2,4,0,10,92.4312,92.4328,0,2.84346,177,0,56.3443,53.7631,106.695,0.5,581.592
B_pso_P2_r5,B,pso,P2,5,0,10,92.9805,92.9823,0,2.27989,183,0,54.318,53.0848,86.643,0.5,569.102
B_pso_P3_r1,B,pso,P3,1,0,10,91.268,91.2692,139.5,7.96748,171,0,58.244,56.0595,100.066,0.5,616.579
B_pso_P3_r2,B,pso,P3,2,0,10,92.5224,92.5235,45,8.77785,179,0,55.4923,53.1121,97.2592,0.5,551.021
B_pso_P3_r3,B,pso,P3,3,0,10,92.8545,92.8556,110,3.94032,178,0,55.8638,54.1864,103.314,0.5,552.457
B_pso_P3_r4,B,pso,P3,4,0,10,91.7898,91.7909,54,4.97028,174,0,57.2656,55.2236,90.8968,0.5,553.6
B_pso_P3_r5,B,pso,P3,5,0,10,91.196,91.1969,110.5,6.29829,179,0,55.5307,53.1766,99.6339,0.5,557.294
C_po_P1_r1,C,po,P1,1,0,10,95.5729,95.5742,,3.34896,284,4,28.1852,22.3782,87.9033,0.5,803.776
C_po_P1_r2,C,po,P1,2,0,10,94.5446,94.5457,,3.4108,348,3,24.1121,20.9888,66.9151,0.5,716.125
C_po_P1_r3,C,po,P1,3,0,10,81.1071,81.1079,,23.0808,157,10,33.7716,28.7548,105.683,0.5,508.553
C_po_P1_r4,C,po,P1,4,0,10,98.241,98.2423,,1.91813,257,3,32.8229,25.7667,158.813,0.5,576.521
C_po_P1_r5,C,po,P1,5,0,10,98.2772,98.2785,,4.32012,212,4,40.1489,30.6111,269.778,0.5,544.973
C_po_P2_r1,C,po,P2,1,0,10,91.0651,91.0666,0,3.93933,253,2,35.0967,28.5547,113.123,0.5,1255.33
C_po_P2_r2,C,po,P2,2,0,10,97.9685,97.9706,0,2.2128,142,9,41.7349,32.5042,190.051,0.5,677.376
C_po_P2_r3,C,po,P2,3,0,10,90.4777,90.4793,2,2.67316,202,7,34.3227,29.2349,92.1262,0.5,558.059
C_po_P2_r4,C,po,P2,4,0,10,87.2168,87.2184,0,5.09935,173,6,40.0188,34.3452,118.18,0.5,460.371
C_po_P2_r5,C,po,P2,5,0,10,86.1478,86.149,0,0.935764,93,10,55.9832,38.8034,295.065,0.5,555.579
C_po_P3_r1,C,po,P3,1,0,10,95.3267,95.3281,0,4.35057,116,5,66.0825,39.5141,348.058,0.5,791.05
C_po_P3_r2,C,po,P3,2,0,10,98.3492,98.3506,0,3.73493,235,4,34.1042,31.47,80.7726,0.5,477.603
C_po_P3_r3,C,po,P3,3,0,10,96.2982,96.3003,0,5.33022,158,10,32.0706,26.2908,151.306,0.5,552.804
C_po_P3_r4,C,po,P3,4,0,10,84.427,84.4275,0,5.795,161,8,40.0136,31.0676,195.893,0.5,604.886
C_po_P3_r5,C,po,P3,5,0,10,90.5703,90.5716,3087,7.92444,105,10,52.4002,47.1862,270.209,0.5,540.972
C_pso_P1_r1,C,pso,P1,1,0,10,96.0345,96.0356,,3.06582,337,0,29.4565,23.7158,144.125,0.5,1939.08
C_pso_P1_r2,C,pso,P1,2,0,10,72.7835,72.785,,26.4818,189,8,31.9573,22.289,131.829,0.5,891.082
C_pso_P1_r3,C,pso,P1,3,0,10,93.8247,93.8258,,1.15553,173,8,34.6815,25.9135,182.583,0.5,626.676
C_pso_P1_r4,C,pso,P1,4,0,10,95.1378,95.139,,2.2342,214,3,39.3091,32.7401,125.883,0.5,483.773
C_pso_P1_r5,C,pso,P1,5,0,10,91.3245,91.3256,,4.11712,259,4,30.8901,25.2134,94.7664,0.5,559.798
C_pso_P2_r1,C,pso,P2,1,0,10,95.0728,95.0746,0,1.41994,195,7,33.7462,28.7258,98.9007,0.5,1056.15
C_pso_P2_r2,C,pso,P2,2,0,10,94.2375,94.2393,0,9.26225,230,3,36.755,31.1236,114.131,0.5,535.527
C_pso_P2_r3,C,pso,P2,3,0,10,82.8923,82.8935,11.5,2.94634,128,11,36.1824,27.1061,117.297,0.5,687.02
C_pso_P2_r4,C,pso,P2,4,0,10,90.6138,90.6153,0,2.69731,139,8,43.5869,36.2276,100.145,0.5,577.364
C_pso_P2_r5,C,pso,P2,5,0,10,92.4718,92.4735,530.5,2.39239,207,6,33.8576,27.9777,110.139,0.5,577.49
C_pso_P3_r1,C,pso,P3,1,0,10,94.3746,94.3758,139.5,2.44493,244,3,34.4288,25.2641,135.168,0.5,754.48
C_pso_P3_r2,C,pso,P3,2,0,10,92.8849,92.886,205,4.64152,220,3,38.5144,28.5067,184.634,0.5,549.766
C_pso_P3_r3,C,pso,P3,3,0,10,95.2431,95.2443,0,3.68396,166,6,42.186,30.7598,333.249,0.5,606.401
C_pso_P3_r4,C,pso,P3,4,0,10,80.3979,80.3981,2235,4.04644,120,9,49.1305,36.6814,250.748,0.5,594.637
C_pso_P3_r5,C,pso,P3,5,0,10,90.4446,90.4455,2,7.18412,131,10,38.9111,28.4052,235.791,0.5,544.906
D_po_P1_r1,D,po,P1,1,0,10,95.0445,95.0457,,3.31967,351,0,28,28,28,0.5,1036.32
D_po_P1_r2,D,po,P1,2,0,10,95.0445,95.0457,,3.31967,351,0,28,28,28,0.5,1002.39
D_po_P1_r3,D,po,P1,3,0,10,95.0445,95.0457,,3.31967,351,0,28,28,28,0.5,999.8
D_po_P1_r4,D,po,P1,4,0,10,95.0445,95.0457,,3.31967,351,0,28,28,28,0.5,1004.4
D_po_P1_r5,D,po,P1,5,0,10,95.0445,95.0457,,3.31967,351,0,28,28,28,0.5,1000.78
D_po_P2_r1,D,po,P2,1,0,10,93.8349,93.8367,0,3.74175,351,0,28,28,28,0.5,1108.5
D_po_P2_r2,D,po,P2,2,0,10,93.8349,93.8367,0,3.74175,351,0,28,28,28,0.5,1053.99
D_po_P2_r3,D,po,P2,3,0,10,93.8349,93.8367,0,3.74175,351,0,28,28,28,0.5,1053.33
D_po_P2_r4,D,po,P2,4,0,10,93.8349,93.8367,0,3.74175,351,0,28,28,28,0.5,1057.98
D_po_P2_r5,D,po,P2,5,0,10,93.8349,93.8367,0,3.74175,351,0,28,28,28,0.5,1009.29
D_po_P3_r1,D,po,P3,1,0,10,97.995,97.9964,81,3.39733,351,0,28,28,28,0.5,1061.42
D_po_P3_r2,D,po,P3,2,0,10,97.995,97.9964,81,3.39733,351,0,28,28,28,0.5,1030.86
D_po_P3_r3,D,po,P3,3,0,10,97.995,97.9964,81,3.39733,351,0,28,28,28,0.5,1029.71
D_po_P3_r4,D,po,P3,4,0,10,97.995,97.9964,81,3.39733,351,0,28,28,28,0.5,1030.04
D_po_P3_r5,D,po,P3,5,0,10,97.995,97.9964,81,3.39733,351,0,28,28,28,0.5,968.896
D_pso_P1_r1,D,pso,P1,1,0,10,95.6698,95.671,,0.996156,351,0,28,28,28,0.5,1068.07
D_pso_P1_r2,D,pso,P1,2,0,10,96.5366,96.5378,,1.00324,351,0,28,28,28,0.5,1031.1
D_pso_P1_r3,D,pso,P1,3,0,10,95.3955,95.3967,,0.992328,351,0,28,28,28,0.5,1030.02
D_pso_P1_r4,D,pso,P1,4,0,10,95.4907,95.4919,,1.00523,351,0,28,28,28,0.5,1029.78
D_pso_P1_r5,D,pso,P1,5,0,10,95.8411,95.8423,,0.993984,351,0,28,28,28,0.5,1012.9
D_pso_P2_r1,D,pso,P2,1,0,10,93.9807,93.9824,0,1.15214,351,0,28,28,28,0.5,1131.77
D_pso_P2_r2,D,pso,P2,2,0,10,95.0734,95.0752,0,3.30946,351,0,28,28,28,0.5,1095.22
D_pso_P2_r3,D,pso,P2,3,0,10,93.481,93.4827,0,1.19359,351,0,28,28,28,0.5,1094.63
D_pso_P2_r4,D,pso,P2,4,0,10,94.4728,94.4746,0,2.41619,351,0,28,28,28,0.5,1100.14
D_pso_P2_r5,D,pso,P2,5,0,10,94.5363,94.5381,0,2.92367,351,0,28,28,28,0.5,1019.5
D_pso_P3_r1,D,pso,P3,1,0,10,93.65,93.6511,14.5,2.57064,351,0,28,28,28,0.5,1095.32
D_pso_P3_r2,D,pso,P3,2,0,10,94.296,94.2973,24,4.36996,351,0,28,28,28,0.5,1058.73
D_pso_P3_r3,D,pso,P3,3,0,10,93.5207,93.5218,16,2.0322,351,0,28,28,28,0.5,1056.83
D_pso_P3_r4,D,pso,P3,4,0,10,94.2401,94.2413,14.5,2.06614,351,0,28,28,28,0.5,1051.81
D_pso_P3_r5,D,pso,P3,5,0,10,94.1056,94.1068,43,3.41258,351,0,28,28,28,0.5,972.985
