Time(s),V_pv_instant(V),V_mppt(V),I_pv(A),P_pv(W),P_ref(W),V_out(V),I_L(A),Duty
0.029,17.4276,17.4276,4.82881,84.1546,85.0695,24.2412,4.82881,0.3
0.058,10.9502,10.9502,4.97347,54.4604,85.0695,24.1643,4.97347,0.566667
0.087,14.5708,14.5708,4.95425,72.1872,85.0695,24.2108,4.95425,0.416667
0.116,18.2215,18.2215,4.6666,85.0325,85.0695,24.243,4.6666,0.266667
0.145,21.4104,21.4104,1.40852,30.157,85.0695,24.0868,1.40852,0.116667
0.174,10.9485,10.9485,4.96936,54.4071,85.0695,24.1641,4.96936,0.566667
0.203,12.0004,12.0004,4.96722,59.6086,85.0695,24.1779,4.96722,0.522777
0.232,16.7237,16.7237,4.89767,81.9073,85.0695,24.2357,4.89767,0.328815
0.261,18.2215,18.2215,4.6666,85.0325,85.0695,24.243,4.6666,0.266667
0.29,18.2215,18.2215,4.6666,85.0325,85.0695,24.243,4.6666,0.266667
0.319,14.5839,14.5839,4.95331,72.2384,85.0695,24.2108,4.95331,0.416667
0.348,12.8551,12.8551,4.96851,63.8705,85.0695,24.1887,4.96851,0.488662
0.377,18.584,18.584,4.54207,84.4099,85.0695,24.241,4.54207,0.251164
0.406,18.2215,18.2215,4.6666,85.0325,85.0695,24.243,4.6666,0.266667
0.435,16.4289,16.4289,4.91686,80.7787,85.0695,24.2326,4.91686,0.341667
0.464,12.656,12.656,4.96393,62.8233,85.0695,24.1861,4.96393,0.496237
0.493,16.4929,16.4929,4.91101,80.997,85.0695,24.2333,4.91101,0.338662
0.522,19.4069,19.4069,4.07404,79.0647,85.0695,24.2255,4.07404,0.214882
0.551,18.2215,18.2215,4.6666,85.0325,85.0695,24.243,4.6666,0.266667
0.58,19.9105,19.9105,3.62188,72.1133,85.0695,24.2058,3.62188,0.191667
0.609,11.7798,11.7798,4.97162,58.5646,85.0695,24.175,4.97162,0.532395
0.638,19.9742,19.9742,3.55436,70.9956,85.0695,24.2027,3.55436,0.188662
0.667,17.4787,17.4787,4.82171,84.2771,85.0695,24.2415,4.82171,0.297874
0.696,18.2215,18.2215,4.6666,85.0325,85.0695,24.243,4.6666,0.266667
0.725,18.509,18.509,4.57123,84.6087,85.0695,24.2416,4.57123,0.254394
0.754,15.429,15.429,4.94574,76.3078,85.0695,24.2212,4.94574,0.382395
0.783,17.6085,17.6085,4.80197,84.5553,85.0695,24.2422,4.80197,0.292462
0.812,18.1259,18.1259,4.69319,85.0683,85.0695,24.2432,4.69319,0.27072
0.841,18.2215,18.2215,4.6666,85.0325,85.0695,24.243,4.6666,0.266667
0.87,17.2851,17.2851,4.84682,83.7778,85.0695,24.2403,4.84682,0.305922
0.899,17.2391,17.2391,4.8521,83.6461,85.0695,24.24,4.8521,0.30783
0.928,16.4781,16.4781,4.91054,80.9163,85.0695,24.2331,4.91054,0.339051
0.957,18.4449,18.4449,4.59466,84.7479,85.0695,24.242,4.59466,0.257143
0.986,18.2033,18.2033,4.67183,85.043,85.0695,24.243,4.67183,0.267438
1.015,17.5316,17.5316,4.81396,84.3965,85.0695,24.2418,4.81396,0.295668
1.044,13.5593,13.5593,4.96794,67.3619,85.0695,24.1984,4.96794,0.45783
1.073,18.4737,18.4737,4.58428,84.6887,85.0695,24.2418,4.58428,0.255906
1.102,18.0951,18.0951,4.70126,85.0699,85.0695,24.2432,4.70126,0.272023
1.131,18.1259,18.1259,4.69318,85.0683,85.0695,24.2432,4.69318,0.270719
1.16,18.6666,18.6666,4.50775,84.1443,85.0695,24.2402,4.50775,0.2476
1.189,9.95119,9.95119,4.973,49.4873,85.0695,24.1513,4.973,0.60783
1.218,19.2802,19.2802,4.16635,80.3279,85.0695,24.2291,4.16635,0.220593
1.247,17.9187,17.9187,4.74329,84.9935,85.0695,24.2431,4.74329,0.279463
1.276,18.0629,18.0629,4.70947,85.0667,85.0695,24.2432,4.70947,0.273385
1.305,18.1618,18.1618,4.68348,85.0605,85.0695,24.2431,4.68348,0.2692
1.334,13.6001,13.6001,4.96007,67.4575,85.0695,24.1981,4.96007,0.45783
1.363,18.3107,18.3107,4.6396,84.9543,85.0695,24.2427,4.6396,0.262874
1.392,18.1515,18.1515,4.68631,85.0634,85.0695,24.2431,4.68631,0.269637
1.421,18.1127,18.1127,4.69667,85.0696,85.0695,24.2432,4.69667,0.271278
1.45,17.8109,17.8109,4.7657,84.8813,85.0695,24.2429,4.7657,0.283992
1.479,18.0951,18.0951,4.70126,85.0699,85.0695,24.2432,4.70126,0.272023
1.508,18.1345,18.1345,4.69089,85.0671,85.0695,24.2432,4.69089,0.270356
1.537,18.0951,18.0951,4.70126,85.0699,85.0695,24.2432,4.70126,0.272023
1.566,18.0557,18.0557,4.71127,85.0652,85.0695,24.2432,4.71127,0.27369
1.595,18.0951,18.0951,4.70126,85.0699,85.0695,24.2432,4.70126,0.272023
1.624,18.1345,18.1345,4.69089,85.0671,85.0695,24.2432,4.69089,0.270356
1.653,18.0951,18.0951,4.70126,85.0699,85.0695,24.2432,4.70126,0.272023
1.682,18.0557,18.0557,4.71127,85.0652,85.0695,24.2432,4.71127,0.27369
1.711,18.0951,18.0951,4.70126,85.0699,85.0695,24.2432,4.70126,0.272023
1.74,18.1345,18.1345,4.69089,85.0671,85.0695,24.2432,4.69089,0.270356
1.769,18.0951,18.0951,4.70126,85.0699,85.0695,24.2432,4.70126,0.272023
1.798,18.0557,18.0557,4.71127,85.0652,85.0695,24.2432,4.71127,0.27369
1.827,18.0951,18.0951,4.70126,85.0699,85.0695,24.2432,4.70126,0.272023
1.856,18.1345,18.1345,4.69089,85.0671,85.0695,24.2432,4.69089,0.270356
1.885,18.0951,18.0951,4.70126,85.0699,85.0695,24.2432,4.70126,0.272023
1.914,18.0557,18.0557,4.71127,85.0652,85.0695,24.2432,4.71127,0.27369
1.943,18.0951,18.0951,4.70126,85.0699,85.0695,24.2432,4.70126,0.272023
1.972,18.1345,18.1345,4.69089,85.0671,85.0695,24.2432,4.69089,0.270356
2.001,18.0951,18.0951,4.70126,85.0699,85.0695,24.2432,4.70126,0.272023
2.03,18.0557,18.0557,4.71127,85.0652,85.0695,24.2432,4.71127,0.27369
2.059,18.0951,18.0951,4.70126,85.0699,85.0695,24.2432,4.70126,0.272023
2.088,18.1345,18.1345,4.69089,85.0671,85.0695,24.2432,4.69089,0.270356
2.117,18.0951,18.0951,4.70126,85.0699,85.0695,24.2432,4.70126,0.272023
2.146,18.0557,18.0557,4.71127,85.0652,85.0695,24.2432,4.71127,0.27369
2.175,18.0951,18.0951,4.70126,85.0699,85.0695,24.2432,4.70126,0.272023
2.204,18.1345,18.1345,4.69089,85.0671,85.0695,24.2432,4.69089,0.270356
2.233,18.0951,18.0951,4.70126,85.0699,85.0695,24.2432,4.70126,0.272023
2.262,18.0557,18.0557,4.71127,85.0652,85.0695,24.2432,4.71127,0.27369
2.291,18.0951,18.0951,4.70126,85.0699,85.0695,24.2432,4.70126,0.272023
2.32,18.1345,18.1345,4.69089,85.0671,85.0695,24.2432,4.69089,0.270356
2.349,18.0951,18.0951,4.70126,85.0699,85.0695,24.2432,4.70126,0.272023
2.378,18.0557,18.0557,4.71127,85.0652,85.0695,24.2432,4.71127,0.27369
2.407,18.0951,18.0951,4.70126,85.0699,85.0695,24.2432,4.70126,0.272023
2.436,18.1345,18.1345,4.69089,85.0671,85.0695,24.2432,4.69089,0.270356
2.465,18.0951,18.0951,4.70126,85.0699,85.0695,24.2432,4.70126,0.272023
2.494,18.0557,18.0557,4.71127,85.0652,85.0695,24.2432,4.71127,0.27369
2.523,18.0951,18.0951,4.70126,85.0699,85.0695,24.2432,4.70126,0.272023
2.552,17.9715,17.9715,3.46379,62.2495,62.0198,24.1796,3.46379,0.270356
2.581,17.729,17.729,1.9236,34.1035,34.9614,24.0995,1.9236,0.272023
2.61,10.6148,10.6148,1.97051,20.9165,34.9614,24.0651,1.97051,0.566667
2.639,14.2397,14.2397,1.96426,27.9704,34.9614,24.0836,1.96426,0.416667
2.668,17.8558,17.8558,1.92079,34.2974,34.9614,24.1,1.92079,0.266667
2.697,21.3289,21.3289,0.862928,18.4053,34.9614,24.0532,0.862928,0.116667
2.726,17.7269,17.7269,1.92549,34.1329,34.9614,24.0996,1.92549,0.272023
2.755,13.7427,13.7427,1.96512,27.0061,34.9614,24.0811,1.96512,0.436871
2.784,17.8558,17.8558,1.92079,34.2974,34.9614,24.1,1.92079,0.266667
2.813,17.6701,17.6701,1.92737,34.0568,34.9614,24.0994,1.92737,0.274381
2.842,17.8558,17.8558,1.92079,34.2974,34.9614,24.1,1.92079,0.266667
2.871,17.7269,17.7269,1.92549,34.1329,34.9614,24.0996,1.92549,0.272023
2.9,17.3691,17.3691,1.93578,33.6228,34.9614,24.0983,1.93578,0.286871
2.929,19.4891,19.4891,1.7602,34.3047,34.9614,24.0993,1.7602,0.198241
2.958,17.7115,17.7115,1.92601,34.1125,34.9614,24.0996,1.92601,0.272662
2.987,15.9023,15.9023,1.96172,31.1959,34.9614,24.0921,1.96172,0.347363
3.016,17.7269,17.7269,1.92549,34.1329,34.9614,24.0996,1.92549,0.272023
3.045,19.6727,19.6727,1.72034,33.8437,34.9614,24.0979,1.72034,0.190415
3.074,17.4426,17.4426,1.93067,33.6761,34.9614,24.0984,1.93067,0.283751
3.103,17.9645,17.9645,1.91634,34.4261,34.9614,24.1003,1.91634,0.26215
3.132,19.5097,19.5097,1.75606,34.2603,34.9614,24.0992,1.75606,0.197363
3.161,17.7269,17.7269,1.92549,34.1329,34.9614,24.0996,1.92549,0.272023
3.19,17.2174,17.2174,1.93984,33.399,34.9614,24.0978,1.93984,0.292796
3.219,19.0093,19.0093,1.83624,34.9057,34.9614,24.1012,1.83624,0.218509
3.248,17.8954,17.8954,1.91923,34.3453,34.9614,24.1001,1.91923,0.265024
3.277,15.9081,15.9081,1.94918,31.0079,34.9614,24.0915,1.94918,0.347363
3.306,17.7269,17.7269,1.92549,34.1329,34.9614,24.0996,1.92549,0.272023
3.335,20.6761,20.6761,1.33595,27.6222,34.9614,24.0797,1.33595,0.146619
3.364,18.4641,18.4641,1.88827,34.8651,34.9614,24.1014,1.88827,0.241342
3.393,17.7932,17.7932,1.92315,34.2189,34.9614,24.0998,1.92315,0.26927
3.422,17.8771,17.8771,1.91996,34.3234,34.9614,24.1001,1.91996,0.265781
3.451,17.7301,17.7301,1.92366,34.1067,34.9614,24.0995,1.92366,0.272023
3.48,19.4265,19.4265,1.77225,34.4286,34.9614,24.0997,1.77225,0.200895
3.509,17.3299,17.3299,1.93392,33.5146,34.9614,24.098,1.93392,0.288795
3.538,17.7379,17.7379,1.92511,34.1473,34.9614,24.0996,1.92511,0.271568
3.567,18.8054,18.8054,1.8591,34.9611,34.9614,24.1015,1.8591,0.22707
3.596,17.7269,17.7269,1.92549,34.1329,34.9614,24.0996,1.92549,0.272023
3.625,17.6018,17.6018,1.92797,33.9358,34.9614,24.0991,1.92797,0.277443
3.654,19.4612,19.4612,1.76567,34.3619,34.9614,24.0995,1.76567,0.199425
3.683,17.8101,17.8101,1.92253,34.2404,34.9614,24.0999,1.92253,0.268568
3.712,19.2606,19.2606,1.80089,34.6861,34.9614,24.1005,1.80089,0.207921
3.741,17.7269,17.7269,1.92549,34.1329,34.9614,24.0996,1.92549,0.272023
3.77,17.0374,17.0374,1.94624,33.1589,34.9614,24.0971,1.94624,0.300863
3.799,17.7174,17.7174,1.92581,34.1204,34.9614,24.0996,1.92581,0.272415
3.828,18.0474,18.0474,1.9126,34.5175,34.9614,24.1006,1.9126,0.258701
3.857,17.2626,17.2626,1.93617,33.4233,34.9614,24.0978,1.93617,0.29112
3.886,17.728,17.728,1.92548,34.1349,34.9614,24.0996,1.92548,0.272023
3.915,18.221,18.221,1.90369,34.6871,34.9614,24.101,1.90369,0.251478
3.944,18.9083,18.9083,1.84815,34.9454,34.9614,24.1014,1.84815,0.222755
3.973,17.7842,17.7842,1.92348,34.2075,34.9614,24.0998,1.92348,0.269642
4.002,19.5073,19.5073,1.75656,34.2657,34.9614,24.0992,1.75656,0.197467
4.031,17.7269,17.7269,1.92549,34.1329,34.9614,24.0996,1.92549,0.272023
4.06,17.7269,17.7269,1.92549,34.1329,34.9614,24.0996,1.92549,0.272023
4.089,10.6149,10.6149,1.9705,20.9167,34.9614,24.0651,1.9705,0.566667
4.118,14.2423,14.2423,1.96276,27.9543,34.9614,24.0835,1.96276,0.416667
4.147,17.8558,17.8558,1.92079,34.2974,34.9614,24.1,1.92079,0.266667
4.176,21.3289,21.3289,0.862928,18.4053,34.9614,24.0532,0.862928,0.116667
4.205,17.7269,17.7269,1.92549,34.1329,34.9614,24.0996,1.92549,0.272023
4.234,14.2308,14.2308,1.96683,27.9896,34.9614,24.0837,1.96683,0.416667
4.263,17.8558,17.8558,1.92079,34.2974,34.9614,24.1,1.92079,0.266667
4.292,17.622,17.622,1.92889,33.9908,34.9614,24.0993,1.92889,0.276379
4.321,17.8558,17.8558,1.92079,34.2974,34.9614,24.1,1.92079,0.266667
4.35,17.7269,17.7269,1.92549,34.1329,34.9614,24.0996,1.92549,0.272023
4.379,17.605,17.605,1.9294,33.9672,34.9614,24.0992,1.9294,0.277082
4.408,19.5082,19.5082,1.75637,34.2636,34.9614,24.0992,1.75637,0.197427
4.437,17.7171,17.7171,1.92582,34.12,34.9614,24.0996,1.92582,0.272428
4.466,15.9927,15.9927,1.961,31.3618,34.9614,24.0924,1.961,0.34433
4.495,17.7269,17.7269,1.92549,34.1329,34.9614,24.0996,1.92549,0.272023
4.524,19.4935,19.4935,1.75932,34.2953,34.9614,24.0993,1.75932,0.198052
4.553,17.1494,17.1494,1.93974,33.2652,34.9614,24.0973,1.93974,0.296423
4.582,17.8677,17.8677,1.92033,34.3119,34.9614,24.1001,1.92033,0.266173
4.611,19.581,19.581,1.74113,34.093,34.9614,24.0987,1.74113,0.19433
4.64,17.7269,17.7269,1.92549,34.1329,34.9614,24.0996,1.92549,0.272023
4.669,19.1492,19.1492,1.81764,34.8065,34.9614,24.1009,1.81764,0.21262
4.698,17.5303,17.5303,1.93314,33.8884,34.9614,24.099,1.93314,0.280563
4.727,17.8027,17.8027,1.9228,34.2311,34.9614,24.0999,1.9228,0.268873
4.756,16.5997,16.5997,1.95454,32.4448,34.9614,24.0953,1.95454,0.318796
4.785,17.7269,17.7269,1.92549,34.1329,34.9614,24.0996,1.92549,0.272023
4.814,18.2361,18.2361,1.90284,34.7003,34.9614,24.101,1.90284,0.250847
4.843,18.1785,18.1785,1.90602,34.6485,34.9614,24.1009,1.90602,0.253247
4.872,17.668,17.668,1.92744,34.0541,34.9614,24.0994,1.92744,0.274466
4.901,15.9898,15.9898,1.96097,31.3556,34.9614,24.0926,1.96097,0.343235
4.93,17.7269,17.7269,1.92549,34.1329,34.9614,24.0996,1.92549,0.272023
4.959,17.7859,17.7859,1.92341,34.2097,34.9614,24.0998,1.92341,0.26957
4.988,18.2095,18.2095,1.90433,34.6768,34.9614,24.1009,1.90433,0.251957
5,17.7379,17.7379,1.92524,34.1498,34.9614,24.0997,1.92524,0.271562
