ok,rtt_ms,t_us,t_loc_us,heap,k,vpv,ipv,vref,vref_port
1,36.75279999879422,21,649,179140,0,17.095693,2.079147,10.4,10.4
1,48.31559999729507,39,833,179176,1,12.327788,1.066111,14.0,14.0
1,32.10810000018682,21,708,179136,2,18.506162,4.651022,17.6,17.6
1,35.86190000351053,27,700,179168,3,16.853086,3.917986,21.2,21.2
1,50.02080000122078,60,963,179224,4,16.349,4.74029,10.4,
1,37.04049999942072,21,665,179168,5,18.526828,1.010954,14.0,
1,72.20509999751812,21,698,179188,6,18.859234,1.134342,14.0,
1,39.64770000311546,21,806,179164,7,17.837244,1.702622,14.14689,
1,35.25839999929303,39,1013,179208,8,18.905431,3.165845,17.6,
1,58.095699998375494,35,694,179164,9,14.397695,2.690749,14.0,
1,57.07619999884628,39,1013,179212,10,12.226557,1.497133,15.8,
1,48.10379999980796,39,970,179204,11,17.364995,3.588758,14.0,
1,64.88620000163792,21,857,179188,12,16.923081,2.53471,12.52999,
1,39.659399997617584,21,782,179168,13,19.977679,4.923341,14.0,
1,37.40570000081789,60,1064,179192,14,17.484336,3.601837,10.4,
1,62.806399997498374,21,647,179144,15,17.507574,2.555686,15.8653,
1,44.56480000226293,21,618,179152,16,13.080772,3.885953,13.37437,
1,67.96659999963595,21,805,179160,17,16.202835,2.240968,11.72153,
1,46.46779999893624,21,627,179156,18,15.886683,4.557951,16.53361,
1,27.059199994255323,35,807,179168,19,19.472348,2.431181,10.57656,
1,58.922200005326886,42,1019,179208,20,16.572239,2.287478,12.2653,
1,43.32350000186125,21,682,179184,21,16.7544,2.351645,13.28166,
1,27.32839999953285,21,705,179164,22,15.132952,4.561097,12.61717,
1,3073.4464000051958,21,589,179188,23,13.817261,3.492749,20.13361,
1,91.38779999921098,36,823,178920,24,12.672123,4.330577,14.10606,
1,44.84599999705097,21,683,178952,25,18.296786,1.957478,15.8653,
1,57.833700004266575,39,1009,178956,26,19.011874,1.234272,12.66845,
1,72.46560000203317,30,901,178944,27,14.688936,1.601118,12.76851,
1,102.75539999565808,38,1010,179008,28,15.602715,4.185297,16.53361,
1,106.73400000086986,59,971,179004,29,13.845138,1.208085,10.50606,
1,41.15720000118017,21,704,178952,30,15.236415,1.794052,15.81603,
1,83.35570000053849,39,947,178984,31,12.726024,3.32133,13.02522,
1,66.95390000095358,35,822,178956,32,14.389569,3.68798,12.1585,
1,54.70600000262493,39,957,178984,33,13.596124,4.768452,20.13361,
1,83.65430000412744,35,643,178936,34,14.920881,1.421981,11.55029,
1,3204.132999999274,38,783,178924,35,17.032865,4.708618,13.6731,
1,83.78790000278968,43,1074,178748,36,15.523017,4.818362,13.28261,
1,52.72230000264244,21,707,178704,37,15.999167,2.700914,12.65728,
1,33.704500005114824,21,852,178704,38,16.961708,4.980386,18.32402,
1,72.55779999832157,59,952,178760,39,19.591549,2.840181,12.6108,
1,101.0625999988406,39,1031,178756,40,18.061831,2.989691,11.38643,
1,33.4253000037279,21,757,178732,41,16.234497,4.143143,13.25515,
1,44.884700000693556,21,632,178700,42,15.317247,3.937934,12.60255,
1,59.91109999740729,21,700,178704,43,17.689143,4.728239,16.06168,
1,65.24369999533519,60,1055,178756,44,12.919461,3.91606,11.51598,
1,50.29750000539934,21,778,178728,45,19.419391,4.871705,13.10301,
1,88.09269999619573,21,746,178724,46,12.11765,4.45456,13.61536,
1,42.508500002441,21,583,178728,47,19.84956,4.828841,12.50749,
1,57.691200003318954,38,1017,178756,48,13.190112,4.890515,19.66168,
1,69.21829999919282,59,963,178764,49,19.119484,4.289495,12.52999,
1,48.719999998866115,79,1089,178756,50,15.839903,1.929492,12.52999,
1,47.07149999740068,33,829,178724,51,18.415045,4.694121,10.4,
1,71.7992999998387,38,1049,178760,52,14.129042,3.155738,14.0,
1,88.72599999449449,21,662,178684,53,15.542023,4.724069,17.6,
1,65.81300000107149,27,849,178684,54,12.324086,3.928025,21.2,
1,34.38550000282703,35,794,178684,55,16.914986,1.113461,12.52999,
1,62.63780000153929,39,1035,178760,56,17.753758,1.063967,11.10719,
1,92.63079999800539,21,584,178720,57,18.063608,3.051035,13.20224,
1,103.11979999823961,21,788,178732,58,19.432834,1.26433,17.04811,
1,35.13029999885475,21,651,178668,59,18.730538,1.26676,17.6,
1,65.92440000531496,35,677,178724,60,14.75448,2.721195,12.52999,
1,72.20769999548793,21,654,178720,61,19.728497,3.248927,14.14351,
1,64.28030000097351,39,1019,178768,62,14.070917,1.966703,12.58866,
1,38.983899998129345,21,797,178712,63,19.104947,1.903478,15.20026,
1,42.45710000395775,39,1007,178764,64,12.996438,2.153323,14.0,
1,65.68479999987176,49,867,178720,65,16.688985,3.216362,12.52999,
1,34.02160000405274,21,689,178720,66,18.477686,3.241904,12.97898,
1,36.27560000313679,20,691,178728,67,14.30737,2.651585,14.55822,
1,92.91440000379225,38,852,178712,68,18.544968,3.506026,12.60053,
1,40.76050000003306,29,835,178716,69,19.672621,2.477618,11.97466,
1,78.15300000220304,60,1050,178760,70,16.420892,3.375697,12.52999,
1,82.02799999708077,21,716,178732,71,18.78633,1.581894,11.90102,
1,48.10909999650903,39,709,178720,72,15.252083,4.639836,14.06796,
1,67.73689999681665,39,657,178708,73,12.344535,4.290825,11.17731,
1,47.689200000604615,21,635,178708,74,15.323072,4.319216,11.45444,
1,41.15450000244891,40,680,178708,75,12.079636,2.460185,12.52999,
1,43.81869999633636,38,961,178752,76,12.62904,3.610458,11.53133,
1,32.95870000147261,20,748,178704,77,14.190793,3.810608,12.91785,
1,74.13859999360284,39,1026,178772,78,19.550411,1.507268,11.50331,
1,51.97780000162311,38,952,178752,79,18.918226,1.237857,13.29071,
1,3390.53750000312,36,772,178708,80,15.046164,2.719096,12.52999,
1,61.80550000135554,21,708,178488,81,15.910796,4.905849,11.65717,
1,2936.2200000032317,26,930,178688,82,18.20553,2.235429,12.60992,
1,3497.415899997577,38,934,178752,83,14.158694,4.452481,12.23912,
1,64.70439999975497,21,881,178488,84,19.050457,3.042826,11.11294,
1,102.93000000092434,60,1024,178552,85,14.754366,4.979669,12.52999,
1,85.62530000199331,21,866,178488,86,14.527548,1.73085,13.07297,
1,52.414699996006675,38,988,178496,87,19.040785,4.249342,13.52468,
1,62.71980000019539,21,888,178464,88,17.343115,4.833655,11.89458,
1,3139.6097999968333,21,707,178464,89,19.405717,3.992994,12.08373,
1,70.47540000348818,60,898,178248,90,18.885611,1.988587,12.52999,
1,72.13279999996303,39,788,178484,91,13.129972,3.680247,12.89578,
1,65.68220000190195,21,807,178492,92,17.716948,1.668212,12.34285,
1,56.87789999501547,21,801,178488,93,15.164458,4.641023,12.41709,
1,3220.179799995094,38,735,178508,94,16.491206,3.313344,13.18804,
1,2497.032699997362,49,1059,178324,95,13.553038,3.104089,12.52999,
1,434.8018999953638,21,801,180196,96,16.187478,1.355743,12.50484,
1,29.06960000109393,21,767,180400,97,19.855542,3.285582,12.15745,
1,42.380999999295454,21,718,180380,98,12.051271,4.090597,12.0077,
1,60.80410000140546,21,689,180388,99,19.826126,3.35948,10.00894,
1,79.10629999969387,35,748,180412,100,14.557453,1.750031,12.52999,
1,101.8194999996922,43,805,178312,101,17.380213,1.78043,12.52999,
1,2274.9188000016147,38,1033,178392,102,16.621503,3.408957,10.4,
1,95.69410000403877,39,990,178760,103,19.699385,1.289061,14.0,
1,36.232700003893115,39,1009,178784,104,15.999783,3.97639,17.6,
1,73.15050000033807,29,801,178700,105,13.417814,2.552267,21.2,
1,3279.1395999956876,36,790,178716,106,12.503164,3.903523,12.52999,
1,36.48360000079265,30,1001,178560,107,12.702143,2.580367,13.13025,
1,72.61470000230474,21,870,178516,108,18.988181,2.889201,13.29583,
1,92.86310000607045,41,985,178552,109,19.300975,4.063668,14.73582,
1,38.66350000316743,38,1000,178560,110,19.322592,1.509612,17.6,
1,109.86180000327295,36,762,178692,111,12.588503,1.281305,12.52999,
1,3154.822600001353,21,814,178692,112,18.950834,3.53628,13.86545,
1,26.262300001690164,30,841,178284,113,15.972574,1.654174,11.66771,
1,43.67710000224179,44,850,178508,114,17.389868,2.27207,17.52049,
1,35.74520000256598,21,828,178488,115,17.687039,2.841421,16.27979,
1,26.94789999804925,35,689,178508,116,16.059759,4.158663,12.52999,
1,33.578599999600556,39,958,178544,117,12.741964,3.315034,11.71739,
1,64.8289000018849,21,727,178516,118,13.57788,4.232547,14.51853,
1,51.998200004163664,21,661,178488,119,15.910768,4.954781,13.92049,
1,36.5382000018144,39,844,178508,120,13.463547,4.852077,12.67979,
1,47.60019999957876,59,959,178552,121,18.407336,2.925042,12.52999,
1,27.470100001664832,21,763,178488,122,18.508273,3.411396,12.00648,
1,25.19360000587767,21,805,178468,123,17.240969,4.654763,12.13035,
1,64.58079999720212,21,647,178480,124,12.522163,4.339953,11.75467,
1,45.4643000048236,38,950,178544,125,15.054518,2.302182,12.14808,
1,66.37359999876935,40,651,178472,126,19.952214,4.124762,12.52999,
1,43.48200000094948,21,769,178692,127,15.884281,2.690514,12.88161,
1,48.67050000029849,39,1047,178544,128,19.020231,1.347259,12.04932,
1,25.51089999906253,21,547,178496,129,17.66735,4.156618,12.89659,
1,64.27859999530483,38,988,178552,130,18.393571,2.289147,12.16115,
1,24.567899999965448,60,978,178544,131,18.373113,1.901314,12.52999,
1,30.37400000175694,21,814,178500,132,14.898464,2.669792,11.82461,
1,48.470500005350914,38,895,178576,133,16.33128,1.450455,15.64932,
1,23.929700000735465,21,725,178500,134,15.255582,1.001203,13.95292,
1,34.39950000029057,21,734,178496,135,17.955046,4.407504,12.84629,
1,60.432599995692726,35,862,178692,136,13.111453,3.815143,12.52999,
1,39.94510000484297,21,734,178496,137,18.568825,4.927313,12.508,
1,44.99529999884544,38,1026,178552,138,18.750324,2.696426,14.18337,
1,35.83939999953145,38,876,178544,139,19.83751,4.895938,11.6549,
1,49.38720000063768,21,762,178676,140,16.029416,4.013786,12.35955,
1,57.899499995983206,60,1006,178532,141,19.310701,2.904588,12.52999,
1,20.69370000390336,38,941,178544,142,18.91029,3.806274,12.28211,
1,54.643199997371994,21,763,178464,143,14.351394,4.070609,11.09563,
1,27.317400003084913,38,1029,178524,144,16.565478,1.375381,11.80983,
1,20.212900002661627,38,950,178536,145,15.131043,1.294964,12.33425,
1,53.509900004428346,36,836,178684,146,15.809336,2.714158,12.52999,
1,44.73839999991469,38,865,178512,147,15.3899,3.345201,12.38855,
1,60.287400003289804,39,1011,178536,148,12.981525,4.735076,14.69563,
1,42.92550000536721,38,988,178504,149,17.472404,4.295125,14.6277,
1,94.87079999962589,21,729,178692,150,19.17441,3.33328,12.33258,
1,37.041299998236354,35,760,178500,151,12.321746,3.845947,12.52999,
1,25.059599996893667,78,1104,178536,152,16.552207,4.303829,12.52999,
1,24.261400001705624,39,955,178536,153,16.257284,4.252976,10.4,
1,42.45749999972759,38,1028,178536,154,19.976082,2.402219,14.0,
1,30.605799998738803,21,720,178664,155,13.368172,2.566699,17.6,
1,21.319999999832362,26,778,178508,156,18.0244,2.756916,21.2,
1,27.516399997693952,52,798,178696,157,16.707041,1.509434,12.52999,
1,64.14229999791132,39,1020,178528,158,17.808988,2.12033,13.79936,
1,33.67989999969723,39,869,178516,159,13.52494,4.4518,12.22977,
1,61.0073000061675,37,849,178516,160,16.515303,2.937996,17.16203,
1,40.00310000265017,37,726,178736,161,19.19059,1.34405,17.6,
1,54.69089999678545,36,636,178496,162,17.569236,2.311929,12.52999,
1,34.36090000468539,42,969,178540,163,13.403278,3.699195,14.55223,
1,69.19729999935953,38,1018,178564,164,14.902576,2.319583,11.73317,
1,52.55219999526162,21,812,178524,165,19.549422,1.797193,13.56203,
1,34.805399998731446,39,853,178716,166,16.097389,1.096053,14.0,
1,36.07929999998305,60,984,178568,167,13.306945,4.533675,12.52999,
1,62.467200004903134,37,829,178724,168,18.31398,3.227342,11.64047,
1,30.073199995968025,21,771,178508,169,13.779627,3.23099,12.8928,
1,43.76059999776771,38,1031,178568,170,12.097172,3.851975,13.90397,
1,77.93440000386909,21,708,178508,171,17.734005,3.58418,11.20662,
1,24.09349999652477,35,816,178508,172,16.890709,1.294866,12.52999,
1,48.88480000226991,39,948,178516,173,13.971248,3.297512,13.88616,
1,42.99570000148378,27,837,178488,174,15.153494,4.968093,13.02869,
1,31.273599997803103,39,964,178552,175,19.389963,1.608032,13.68903,
1,41.55700000410434,34,860,178484,176,16.719685,3.78486,13.27202,
1,32.9148000018904,36,741,178696,177,13.092347,2.250383,12.52999,
1,34.062899998389184,21,640,178496,178,17.727343,4.604432,14.5476,
1,31.144400003540795,39,956,178516,179,14.733941,1.955775,11.77482,
1,27.26480000274023,39,1023,178536,180,18.574336,3.339931,11.98947,
1,45.061799995892216,39,950,178548,181,15.812707,2.0246,13.76764,
1,22.15960000467021,35,820,178480,182,12.581267,1.071566,12.52999,
1,30.563600004825275,20,587,178464,183,16.639761,1.764441,12.61009,
1,43.46780000196304,20,643,178476,184,19.804264,1.429909,12.24755,
1,38.45359999831999,38,873,178544,185,15.61671,2.578639,13.73858,
1,41.27780000271741,21,615,178492,186,13.858492,3.995023,13.90408,
1,40.271599995321594,35,800,178472,187,17.149638,3.903031,12.52999,
1,38.38459999678889,21,882,178468,188,12.662469,2.410974,13.57725,
1,23.361599996860605,21,730,178700,189,16.158665,2.706885,12.0679,
1,47.3883999948157,39,927,178528,190,12.32494,1.77611,12.53277,
1,23.055899997416418,21,733,178492,191,19.560197,1.650279,13.36672,
1,34.68140000040876,35,896,178500,192,18.816419,4.288549,12.52999,
1,48.0466000008164,39,867,178536,193,15.13035,2.867134,12.62054,
1,34.84200000093551,35,994,178504,194,18.592014,3.722745,11.68355,
1,35.85690000181785,39,875,178552,195,18.69555,4.030386,13.4108,
1,45.40819999965606,39,1022,178536,196,17.530172,4.651896,12.53567,
1,27.77539999806322,35,749,178480,197,18.582457,1.716251,12.52999,
1,57.947699999203905,38,1026,178504,198,17.985794,1.346725,14.24122,
1,35.9184000044479,30,706,178704,199,15.40685,2.587008,11.73651,
1,20.52459999686107,21,790,178692,200,13.617345,4.75162,13.79194,
1,43.59900000417838,38,967,178536,201,12.758213,1.019598,12.88556,
1,21.219700000074226,60,1033,178504,202,14.583366,4.962979,12.52999,
1,31.013500003609806,79,1045,178548,203,14.117561,4.322777,12.52999,
1,75.37400000001071,21,826,178692,204,13.384909,3.345513,10.4,
1,59.05740000162041,38,929,178512,205,19.667275,3.866053,14.0,
1,52.32790000445675,21,700,178508,206,19.844064,3.298227,17.6,
1,25.345900001411792,21,758,178716,207,19.866678,4.348188,21.2,
1,37.285500002326444,36,805,178504,208,18.225986,4.55396,12.52999,
1,23.00909999758005,21,819,178488,209,17.051932,2.425458,13.55082,
1,28.36889999889536,20,580,178648,210,16.22626,1.906002,11.6316,
1,42.117299999517854,21,590,178508,211,18.220353,1.680314,14.0,
1,48.402500004158355,38,1039,178556,212,16.617584,3.143596,17.6,
1,40.40689999965252,36,747,178712,213,17.375222,4.041946,12.52999,
1,28.23829999397276,21,819,178680,214,12.878623,3.499764,12.95489,
1,32.28920000401558,38,944,178564,215,15.311647,3.456806,11.62719,
1,49.97249999723863,38,959,178692,216,17.551876,3.341918,13.67757,
1,26.927600003546104,21,747,178500,217,17.863089,3.080101,14.0,
1,28.52320000238251,60,1047,178504,218,15.702942,2.147075,12.52999,
1,25.180999997246545,21,756,178684,219,13.833213,3.781208,9.354895,
1,36.42470000340836,39,1032,178504,220,17.565691,1.78193,12.18819,
1,22.780899998906534,21,777,178680,221,19.774699,3.684603,17.27757,
1,27.855600004841108,25,844,178500,222,16.249729,4.364701,17.6,
1,60.30260000261478,49,821,178488,223,15.892163,2.903779,12.52999,
1,50.66620000434341,39,1036,178508,224,14.066195,1.624542,11.48906,
1,41.37700000137556,39,970,178524,225,17.692965,4.376444,12.72889,
1,23.535499996796716,21,576,178712,226,17.42239,2.475286,13.67757,
1,41.26640000322368,21,713,178684,227,16.605777,3.25365,17.66337,
1,63.435299998673145,60,1044,178504,228,19.492529,2.550697,12.52999,
1,54.32270000164863,39,960,178552,229,13.318261,4.507732,12.97406,
1,29.735900003288407,38,1012,178536,230,19.157828,1.193062,12.84223,
1,30.16679999564076,39,979,178528,231,13.585792,3.545135,16.20221,
1,21.269099997880403,21,775,178672,232,18.310761,3.42677,14.06337,
1,49.448300000221934,60,984,178536,233,13.532714,1.470566,12.52999,
1,21.591900003841147,39,1018,178504,234,16.047781,4.262042,13.50867,
1,26.205099995422643,38,964,178536,235,13.736537,1.300531,12.27456,
1,25.29530000174418,21,586,178460,236,16.40836,1.767269,15.45616,
1,29.29700000095181,38,863,178532,237,12.53939,4.093058,17.66337,
1,38.05399999691872,35,835,178700,238,18.569813,2.593342,12.52999,
1,44.81730000406969,38,852,178668,239,14.352611,2.108484,9.908669,
1,52.441399995586835,39,1018,178552,240,14.887771,3.307631,12.03075,
1,21.946100001514424,20,762,178668,241,16.222561,2.421397,14.93282,
1,84.38340000429889,38,1026,178552,242,17.099368,3.70307,21.26337,
1,19.126999999571126,45,810,178680,243,16.466232,2.54918,12.52999,
1,26.46120000281371,21,800,178676,244,16.991222,3.367611,11.71498,
1,23.48329999949783,38,962,178488,245,14.722591,2.212804,12.81194,
1,20.987600000808015,21,797,178664,246,16.365991,3.449367,14.77503,
1,26.939199997286778,21,754,178668,247,16.886388,2.531352,17.66337,
1,44.788100000005215,59,841,178472,248,16.526191,4.943079,12.52999,
1,35.824200000206474,21,764,178676,249,15.424196,4.372059,13.34089,
1,67.2335000053863,39,925,178520,250,12.65059,4.500913,12.46858,
1,25.32459999929415,30,791,178508,251,19.533649,2.047456,16.87886,
1,27.22129999892786,21,769,178692,252,12.096811,2.932034,15.80393,
1,27.106699999421835,36,602,178468,253,13.461698,4.886525,12.52999,
1,39.01880000194069,41,853,178496,254,19.181587,4.84266,12.48999,
1,27.92570000019623,78,1003,178552,255,16.830957,3.060641,12.52999,
1,21.14919999439735,21,789,178672,256,18.661743,3.609396,10.4,
1,32.006499997805804,21,719,178496,257,13.988461,4.737144,14.0,
1,27.596100000664592,21,796,178708,258,15.517596,4.094225,17.6,
1,29.40849999868078,38,937,178516,259,16.007504,1.733425,21.2,
1,26.951100000587758,36,654,178508,260,14.367415,3.297643,12.52999,
1,38.84799999650568,21,803,178508,261,13.144017,1.054951,12.68069,
1,50.732899995637126,39,940,178560,262,15.47113,4.048789,13.27793,
1,40.86489999463083,39,952,178560,263,16.913258,2.296586,14.0,
1,49.86050000297837,21,799,178508,264,17.737928,2.938059,17.6,
1,50.87689999345457,60,992,178544,265,19.996011,4.104127,12.52999,
1,32.88140000222484,38,1040,178556,266,18.645052,2.038196,13.30108,
1,60.60210000578081,39,880,178572,267,13.21836,1.797216,12.60564,
1,47.71679999976186,38,922,178572,268,15.45812,3.048596,11.8167,
1,35.08470000087982,38,954,178564,269,13.556875,4.119779,14.20555,
1,39.01359999872511,35,824,178488,270,18.947449,2.26402,12.52999,
1,28.773600002750754,39,954,178528,271,16.064514,3.377498,10.76639,
1,23.841199996240903,38,1009,178552,272,17.779025,1.58989,12.82892,
1,52.85639999783598,21,750,178452,273,14.246968,3.922824,11.5808,
1,42.1007000040845,21,757,178484,274,16.545539,4.599783,11.53796,
1,77.61529999697814,36,749,178500,275,15.582867,2.626451,12.52999,
1,48.2313000029535,21,624,178456,276,14.452058,1.92549,10.61726,
1,33.85639999760315,38,965,178524,277,17.206131,2.058744,14.83099,
1,72.73200000054203,38,1033,178536,278,18.898204,2.082594,13.00156,
1,37.0452999995905,21,677,178492,279,17.386877,3.272737,15.13796,
1,32.352100002754014,35,674,178496,280,17.02767,4.581667,12.52999,
1,56.42480000096839,21,736,178480,281,13.359908,1.599262,12.61364,
1,108.23299999901792,38,1028,178528,282,12.975218,1.305756,13.4543,
1,41.908700004569255,21,744,178488,283,16.273848,1.662925,12.64269,
1,53.59070000122301,21,767,178460,284,18.457343,1.090442,18.73796,
1,88.4927000006428,35,608,178472,285,14.996856,2.892816,12.52999,
1,45.66039999917848,39,1051,178536,286,13.732226,2.423625,12.14104,
1,120.0652000043192,39,644,178480,287,13.782331,2.127312,11.93629,
1,104.50030000356492,21,666,178452,288,19.414968,2.668701,10.62419,
1,44.34860000037588,38,875,178532,289,15.08692,3.444698,15.13796,
1,43.8233000022592,60,1010,178536,290,17.313135,3.641106,12.52999,
1,35.93450000334997,39,963,178536,291,12.678072,3.32761,9.915422,
1,43.827699999383185,21,624,178464,292,17.887389,4.182273,13.18173,
1,72.83649999590125,21,712,178468,293,16.708274,1.522292,11.14875,
1,56.76859999948647,20,817,178476,294,12.669923,2.292215,12.61575,
1,93.55340000183787,35,642,178484,295,19.42047,2.89047,12.52999,
1,74.85840000299504,21,822,178492,296,19.163791,2.8387,9.167209,
1,40.18340000038734,21,690,178508,297,18.040945,2.940509,13.71604,
1,52.33379999845056,21,635,178512,298,17.669618,2.268717,12.10683,
1,46.4570999974967,39,951,178568,299,19.118922,2.062832,11.56172,
1,106.68799999984913,60,1058,178564,300,12.049415,3.884663,12.52999,
1,51.44599999766797,38,748,178468,301,17.412836,3.627606,12.76721,
1,33.33950000524055,21,666,178496,302,17.49932,3.345057,12.83558,
1,111.50820000329986,38,931,178536,303,12.922232,3.676815,13.03998,
1,69.25559999945108,21,830,178480,304,12.052788,1.731372,15.16172,
1,68.27660000271862,37,791,178496,305,15.367027,2.513478,12.52999,
1,41.27080000034766,43,810,178512,306,12.951721,2.70783,12.52999,
1,66.72750000143424,20,671,178504,307,16.988938,2.509854,10.4,
1,54.57019999448676,21,648,178524,308,17.667996,1.923688,14.0,
1,42.50799999863375,21,596,178468,309,13.150602,3.995599,17.6,
1,71.47439999971539,21,679,178484,310,17.349825,2.717483,21.2,
1,63.36829999781912,60,928,176136,311,13.094138,3.654735,12.52999,
1,105.19600000407081,21,699,178472,312,17.999646,1.655771,12.74489,
1,102.47910000180127,38,961,178544,313,17.514414,2.422548,13.61165,
1,95.54610000486718,21,628,178508,314,19.320949,4.006159,14.0,
1,48.58989999775076,21,674,178508,315,14.189849,4.752105,17.6,
1,3540.289799995662,60,1091,178552,316,12.201862,1.739296,12.52999,
1,73.61590000073193,39,1028,178332,317,13.935224,3.92832,13.61689,
1,28.08359999471577,21,791,178512,318,16.209344,2.857502,13.17746,
1,92.2396999958437,25,823,178500,319,13.780267,4.025868,10.44684,
1,44.151800000690855,20,781,178500,320,12.936851,1.989365,18.7254,
1,51.040300000749994,36,637,178496,321,18.450883,2.80419,12.52999,
1,27.229400002397597,21,801,178500,322,19.014542,3.406656,12.80687,
1,24.779599996691104,21,755,178500,323,18.316357,1.749613,13.22618,
1,57.6465999984066,38,1007,178556,324,14.529775,2.506824,11.76463,
1,66.72509999771137,39,970,178548,325,15.953594,2.889868,17.87554,
1,37.9495000015595,35,845,178500,326,18.579729,1.692762,12.52999,
1,42.45250000531087,39,986,178552,327,18.811887,4.556185,12.94983,
1,65.2598999949987,39,1001,178556,328,12.604152,1.037561,12.586,
1,58.458599996811245,21,750,178484,329,14.342024,2.602979,15.28788,
1,38.911200004804414,29,859,178500,330,19.763595,1.285634,14.27554,
1,35.08229999715695,60,805,178512,331,18.250442,2.9017,12.52999,
1,21.238799999991897,38,1003,178532,332,13.038988,2.464321,13.11473,
1,81.67200000025332,39,958,178556,333,15.047211,1.97429,12.74943,
1,19.667499997012783,21,742,178512,334,14.35491,2.679675,13.11919,
1,89.60169999772916,46,929,178556,335,19.698091,2.835442,12.28873,
1,33.63839999656193,60,967,178556,336,19.60108,1.122128,12.52999,
1,61.981499995454215,38,949,178556,337,12.528882,1.111264,13.47141,
1,38.11459999997169,38,1003,178556,338,17.327557,1.880931,13.56165,
1,30.312099996081088,38,976,178548,339,16.611361,4.181465,13.23026,
1,37.82140000112122,39,989,178548,340,14.654511,1.98271,13.83643,
1,48.99979999754578,60,895,178496,341,17.803269,2.903591,12.52999,
1,28.49479999713367,21,790,178512,342,13.193681,1.34978,11.93778,
1,384.6581999969203,21,567,178112,343,17.89734,4.441649,12.11019,
1,41.65349999675527,21,772,178532,344,19.122897,3.040356,13.26122,
1,37.56430000066757,21,767,178540,345,13.227637,1.90263,13.23226,
1,31.202999998640735,35,663,178328,346,15.628191,4.407429,12.52999,
1,46.65640000166604,30,805,178520,347,17.201579,2.096828,11.22055,
1,30.184399998688605,38,1023,178344,348,18.047509,2.741761,11.97111,
1,53.85999999998603,38,986,178364,349,19.862112,2.714909,13.42492,
1,25.99970000301255,25,656,178316,350,18.697571,1.058167,11.86653,
1,55.7769000006374,60,896,178372,351,17.74577,2.593914,12.52999,
1,36.24940000008792,21,758,178340,352,15.992074,1.795303,11.95874,
1,57.41470000066329,21,632,178328,353,19.436092,1.79858,13.97377,
1,47.66640000161715,38,1028,178016,354,16.492694,3.389382,12.65584,
1,70.97510000312468,21,796,178176,355,18.867547,2.866666,12.8072,
1,84.43260000058217,36,759,178180,356,18.63913,3.095586,12.52999,
1,75.2541999972891,78,997,178232,357,19.650677,3.866431,12.52999,
1,31.237099996360485,39,1047,175956,358,19.296842,4.769442,10.4,
1,28.893900002003647,38,814,178184,359,18.417969,1.48947,14.0,
1,41.502300002321135,21,801,178376,360,12.995429,3.464967,17.6,
1,69.25459999911254,22,810,178156,361,14.169653,2.540609,21.2,
1,60.0715999971726,36,905,178180,362,13.390625,4.048687,12.52999,
1,19.369599998753984,21,791,178364,363,18.835982,1.531219,11.16904,
1,30.036200005270075,21,799,178384,364,16.134679,2.580052,13.98005,
1,39.43470000376692,38,979,178204,365,18.320123,2.859969,14.0,
1,24.347600003238767,38,1052,178204,366,17.846472,3.264416,17.6,
1,44.73909999796888,35,684,178352,367,19.825985,2.678532,12.52999,
1,51.98219999874709,39,1010,178232,368,19.901367,2.661754,12.13262,
1,42.553299994324334,38,963,178224,369,13.461349,4.128324,11.19139,
1,49.09159999806434,38,1009,178224,370,14.173752,3.263019,11.66298,
1,18.977200001245365,29,763,178184,371,17.168121,1.798709,14.0,
1,54.73619999975199,60,1014,178224,372,12.275255,4.948133,12.52999,
1,29.269999999087304,38,959,178224,373,18.539121,1.494821,12.78162,
1,83.26629999646684,39,1028,178604,374,18.783755,2.032521,14.79139,
1,46.34039999655215,38,963,178616,375,13.978278,4.090465,14.66769,
1,49.97299999376992,39,1012,178592,376,18.058896,4.383829,10.4,
1,31.58129999792436,60,984,178604,377,13.093216,3.990345,12.52999,
1,23.024399997666478,38,828,178768,378,15.758591,2.303534,11.86016,
1,25.590299999748822,21,613,178760,379,17.874423,4.380572,14.22241,
1,32.03719999874011,39,1024,178612,380,14.579686,1.619246,12.00751,
1,42.554999999993015,21,733,178760,381,19.933478,4.67676,14.0,
1,29.61189999768976,35,781,178764,382,14.318729,4.257657,12.52999,
1,26.421599999594036,21,615,178572,383,12.717546,4.650184,11.77625,
1,35.790399997495115,21,769,178560,384,18.197218,1.787452,13.86041,
1,90.53889999631792,21,638,178756,385,14.365498,3.382219,11.68798,
1,19.559699998353608,21,845,178552,386,14.846061,3.944935,13.89952,
1,23.677500001213048,36,735,178748,387,16.738903,1.828115,12.52999,
1,39.032499997119885,26,825,178768,388,16.880876,1.056236,12.2206,
1,27.530500003194902,34,870,178580,389,12.893983,1.644831,13.02777,
1,24.835699994582683,38,1030,178608,390,14.829422,1.047639,11.80942,
1,23.03579999716021,21,704,178572,391,19.43926,1.958036,12.33493,
1,28.773699996236246,60,1054,178608,392,14.165108,2.502569,12.52999,
1,29.205700004240498,20,717,178556,393,19.52591,2.407277,12.10527,
1,74.22909999877447,38,1001,178608,394,15.449063,2.194029,12.37424,
1,23.286299998289905,35,730,178760,395,19.80996,2.459429,13.25105,
1,23.775599998771213,21,749,178756,396,12.668299,3.63193,14.41673,
1,24.680199996510055,60,977,178608,397,17.732839,2.488964,12.52999,
1,55.855200000223704,25,834,178564,398,13.691081,2.637006,12.0763,
1,36.32289999950444,25,763,178756,399,15.512546,4.981199,14.47435,
1,37.59599999466445,38,1019,178596,400,18.867483,3.483636,12.17411,
1,28.64640000188956,21,673,178944,401,13.551344,3.751658,11.49914,
1,25.32509999582544,35,634,178924,402,18.071992,1.301555,12.52999,
1,25.978799996664748,21,758,178936,403,15.035892,2.307391,12.49427,
1,59.36490000021877,21,846,178936,404,16.563451,3.612213,12.65577,
1,36.76380000251811,21,737,178928,405,13.451102,2.878638,11.6923,
1,44.99719999876106,37,816,178936,406,19.937343,1.063411,13.28117,
1,24.948499994934537,35,761,178948,407,14.967949,2.33725,12.52999,
1,26.209299998299684,43,848,178936,408,15.244664,4.476775,12.52999,
1,33.65170000324724,21,541,178944,409,15.50644,4.532312,10.4,
1,29.563199997937772,21,801,178936,410,16.604319,2.698471,14.0,
1,27.166599997144658,38,960,178992,411,14.018425,4.294455,17.6,
1,50.696899998001754,38,1012,178992,412,17.153604,1.848904,21.2,
1,49.008299996785354,60,825,179148,413,13.040564,1.501725,12.52999,
1,40.839699999196455,39,1005,178992,414,19.272576,2.613566,13.32197,
1,39.02080000261776,21,724,179124,415,18.562462,4.581448,13.77706,
1,33.883700001752004,38,1003,178976,416,13.810664,1.130289,14.0,
1,27.44130000064615,21,764,179136,417,13.442689,4.091915,17.6,
1,27.149699999426957,60,1018,179004,418,12.123305,3.256528,12.52999,
1,21.261899993987754,38,965,178976,419,13.530134,4.066643,14.64712,
1,50.35700000007637,39,1000,179004,420,15.835006,3.19632,13.21123,
1,21.336799996788613,21,794,178916,421,14.347266,2.826314,11.03003,
1,34.623899999132846,38,1002,178972,422,12.365701,4.238079,14.0,
1,23.83410000038566,36,769,179136,423,19.259991,4.01059,12.52999,
1,45.23439999320544,21,614,178944,424,15.964978,4.375137,12.54025,
1,28.193099999043625,38,786,178920,425,12.030567,3.66383,13.01555,
1,40.25090000504861,21,777,179132,426,18.139087,2.306625,13.83837,
1,33.109100004367065,21,797,178928,427,18.852574,1.00076,11.61527,
1,19.819699999061413,60,1023,178972,428,17.056962,2.204096,12.52999,
1,89.2145999969216,39,982,178980,429,17.029023,2.005435,12.00805,
1,41.701099995407276,39,1002,178996,430,13.678239,3.504642,14.53151,
1,21.997299998474773,39,961,178988,431,15.975479,1.749123,13.70778,
1,42.17390000121668,21,787,178928,432,19.089399,4.529547,15.21527,
1,46.66390000056708,35,772,178932,433,16.396547,3.824384,12.52999,
1,60.4317000033916,21,777,179156,434,15.611094,4.205773,12.62125,
1,30.971499996667262,34,710,179144,435,18.67085,4.056639,13.78971,
1,25.350700001581572,28,772,179148,436,13.945191,1.097954,13.13788,
1,34.984300000360236,21,725,179128,437,17.266025,2.645031,11.61527,
1,41.26689999975497,60,846,178940,438,19.154087,4.43939,12.52999,
1,23.743199999444187,21,755,179136,439,16.270017,2.509777,12.90041,
1,54.73270000220509,39,1019,178980,440,17.703916,3.837479,13.04463,
1,61.61229999997886,21,780,178940,441,17.458263,4.369696,13.93134,
1,34.345899999607354,39,1020,178976,442,16.618549,3.064174,11.46881,
1,28.048000000126194,36,602,178936,443,16.135265,4.555923,12.52999,
1,29.03130000049714,21,834,178940,444,14.934009,4.367663,12.84752,
1,45.65049999655457,39,959,178980,445,16.039117,1.341356,12.21686,
1,39.03439999703551,21,623,178940,446,15.591856,2.164786,13.26313,
1,70.67639999877429,21,665,178948,447,16.22308,4.413239,11.98623,
1,2258.3182000016677,60,1023,178996,448,13.435644,2.900898,12.52999,
1,36.288200004491955,23,672,178924,449,16.660018,4.079281,12.56142,
1,94.31720000429777,38,724,178920,450,19.527816,3.202432,13.57734,
1,58.78169999778038,38,956,178972,451,19.372944,2.346236,12.21607,
1,30.799200001638383,20,625,178920,452,18.114558,4.054902,12.46379,
1,27.98880000045756,36,762,178928,453,16.410232,1.695155,12.52999,
1,48.03119999996852,39,760,178920,454,15.089634,2.1634,13.1721,
1,75.92019999719923,38,947,178980,455,19.735029,3.57849,12.7044,
1,87.39199999399716,21,768,178924,456,19.272303,2.184639,13.25385,
1,67.37640000210376,39,867,178992,457,15.43152,3.269489,12.12427,
1,31.9829000000027,60,1002,178972,458,14.837825,2.825999,12.52999,
1,46.907700001611374,43,686,178924,459,16.794456,1.113144,12.52999,
1,43.943899996520486,21,733,178928,460,14.718489,1.000887,10.4,
1,36.39630000543548,31,771,178924,461,15.860301,3.432003,14.0,
1,51.92860000533983,21,799,178924,462,12.743924,1.968378,17.6,
1,32.9797000013059,38,817,178928,463,18.431935,4.361126,21.2,
1,63.33679999806918,35,641,178936,464,15.101866,4.256895,12.52999,
1,78.43229999707546,21,604,178920,465,14.217122,3.824433,13.27766,
1,39.944600001035724,38,1009,178992,466,16.363653,2.760396,11.40029,
1,3530.0939999942784,21,715,178924,467,17.251538,1.053563,17.55185,
1,51.454000000376254,21,726,178700,468,13.299548,2.175294,17.6,
1,92.24030000041239,60,1013,178772,469,17.444501,3.824941,12.52999,
1,64.2093999995268,39,1029,178768,470,17.446087,4.070468,11.54086,
1,35.63099999882979,20,670,178700,471,12.636412,1.423556,14.26422,
1,41.57329999725334,21,835,178704,472,18.842809,2.427351,13.95185,
1,62.70090000180062,39,867,178764,473,16.54697,3.014011,14.0,
1,27.418499994382728,36,845,178688,474,17.013301,1.307787,12.52999,
1,55.283500005316455,33,683,178668,475,18.158322,1.493609,9.72384,
1,31.009500002255663,21,702,178704,476,17.450996,2.608568,13.24725,
1,52.32139999861829,21,627,178720,477,15.938093,3.686775,16.92769,
1,78.96229999460047,38,1021,178756,478,14.968022,1.18415,17.6,
1,72.9295000055572,36,774,178700,479,19.713692,3.090708,12.52999,
1,70.21739999618148,38,1021,178768,480,17.937157,3.125179,11.81468,
1,84.81449999817414,39,949,178748,481,18.557495,3.258465,11.91838,
1,117.05699999583885,38,1033,178740,482,12.982055,3.567626,17.43015,
1,288.54560000036145,21,764,178696,483,13.381925,4.294617,14.0,
1,40.75839999859454,36,860,178728,484,17.448493,4.759235,12.52999,
1,29.458099998009857,21,751,178716,485,17.032646,1.900652,13.24973,
1,36.54410000308417,27,782,178736,486,16.4571,4.087089,12.73412,
1,42.18160000164062,39,959,178752,487,17.695106,2.369187,16.28279,
1,63.848700003291015,21,623,178736,488,17.242809,4.741076,10.65015,
1,56.29100000078324,61,752,178724,489,17.47848,2.469206,12.52999,
1,85.44849999452708,38,1028,178760,490,19.286067,4.310497,13.2418,
1,71.55380000040168,39,897,178760,491,18.84147,1.427366,13.68332,
1,332.1298000009847,39,862,178328,492,14.326631,4.160511,12.68279,
1,44.68690000066999,39,899,178424,493,14.19846,1.294824,14.25015,
1,26.06530000048224,36,661,178328,494,17.466128,4.19708,12.52999,
1,41.49670000333572,21,763,178348,495,17.134142,2.379373,13.22317,
1,63.73359999997774,21,663,178340,496,16.478187,1.08608,12.32792,
1,39.00869999779388,44,958,178404,497,16.501293,4.427205,10.99307,
1,62.72019999596523,38,1043,178372,498,12.624426,2.533278,15.57236,
1,52.595799999835435,49,737,178308,499,13.31891,2.520032,12.52999,
1,54.60349999339087,21,813,178336,500,12.104061,4.311052,12.75448,
1,87.74670000275364,39,975,178372,501,15.969946,2.743672,11.70651,
1,34.079500001098495,21,795,178332,502,16.814358,4.400113,14.59307,
1,78.8883999994141,39,1011,178356,503,14.330086,2.070068,11.97236,
1,63.80580000404734,43,884,178320,504,12.395954,2.065596,12.52999,
1,48.01999999472173,38,972,178352,505,12.529695,1.166234,12.46934,
1,29.952599994430784,22,849,178532,506,16.421844,1.73534,12.03243,
1,49.15410000103293,21,760,178320,507,12.594062,4.666859,13.34911,
1,51.476199994795024,21,789,178540,508,13.189871,1.379323,13.2402,
1,34.37530000519473,60,1003,178348,509,19.765424,3.667868,12.52999,
1,25.77970000129426,43,854,178320,510,17.806032,3.252816,12.52999,
1,30.539899998984765,45,954,178372,511,12.563118,4.367509,10.4,
1,25.619100000767503,38,1016,178372,512,15.344232,2.569871,14.0,
1,32.378200005041435,21,619,178308,513,13.082474,1.45288,17.6,
1,46.16369999712333,21,837,178308,514,16.177967,3.274974,21.2,
1,43.051000000559725,35,799,178340,515,16.149484,3.452499,12.52999,
1,31.16530000261264,39,1055,178352,516,19.021148,3.016819,11.08224,
1,33.62919999926817,21,811,178336,517,15.033181,2.026291,11.77547,
1,59.16869999782648,21,658,178304,518,14.454773,3.243228,14.0,
1,30.233499994210433,21,779,178508,519,18.362979,2.764484,17.6,
1,20.319700000982266,36,797,178528,520,12.326099,1.752618,12.52999,
1,29.988299997057766,22,881,178296,521,12.725218,2.333374,13.64795,
1,56.861400000343565,38,1046,178376,522,17.475013,3.362859,10.88355,
1,22.6053000005777,21,813,178324,523,17.297021,2.818381,14.94545,
1,51.9609999973909,38,1012,178376,524,12.878244,2.185024,14.0,
1,27.884500006621238,59,964,178372,525,16.087684,2.98866,12.52999,
1,31.486300002143253,38,840,178504,526,13.949291,4.301206,13.03688,
1,45.78159999800846,38,971,178372,527,15.466507,4.381825,11.09577,
1,25.451900000916794,21,849,178700,528,14.123941,4.767758,16.73566,
1,22.9892000061227,21,755,178700,529,12.894859,4.07673,17.6,
1,39.84959999797866,35,765,178900,530,12.161492,1.945283,12.52999,
1,22.099600006185938,25,797,178692,531,18.964426,2.40042,12.11201,
1,25.28780000284314,21,807,178692,532,19.459836,4.717668,13.19313,
1,32.52459999930579,21,733,178712,533,18.401541,2.584422,15.96777,
1,24.895500006095972,38,1021,178740,534,18.866148,2.828417,20.84236,
1,36.082800004805904,49,803,178892,535,13.009378,4.407833,12.52999,
1,37.47250000014901,43,988,178708,536,18.529974,1.542262,12.48304,
1,80.18959999753861,23,703,178716,537,18.932212,3.075852,12.47251,
1,30.62320000026375,39,1021,178772,538,17.948726,2.072704,12.36777,
1,27.672000003803987,39,954,178772,539,13.723692,4.393251,17.24236,
1,48.458400000527035,35,753,178740,540,16.80171,1.590822,12.52999,
1,45.22759999963455,38,946,178772,541,14.926961,4.436143,12.75046,
1,46.77079999964917,29,838,178700,542,15.746269,2.347412,10.05664,
1,51.13550000532996,21,603,178708,543,14.727631,4.298577,10.57012,
1,42.920400002913084,39,1026,178744,544,15.634392,4.793414,13.64235,
1,21.645799999532755,35,746,178892,545,14.497601,4.025921,12.52999,
1,38.22070000023814,38,1014,178740,546,14.285644,4.071355,12.49074,
1,41.02539999439614,21,735,178692,547,12.140784,1.519284,13.26259,
1,19.15099999314407,38,1030,178744,548,14.074055,4.480368,11.28483,
1,51.696299997274764,38,959,178744,549,14.579987,2.934102,10.44967,
1,25.90539999800967,59,872,178692,550,12.856356,3.266713,12.52999,
1,24.253799994767178,38,943,178740,551,12.767956,1.566409,11.96337,
1,60.432999998738524,38,1017,178740,552,18.407779,1.975641,10.51455,
1,43.74139999708859,30,693,178908,553,12.49003,3.4073,13.21977,
1,53.86140000337036,38,1003,178740,554,13.172001,1.211267,12.81594,
1,41.41999999410473,36,753,178912,555,18.644419,2.588731,12.52999,
1,23.513100000855047,38,1028,178744,556,18.923801,3.976126,12.29323,
1,37.287999999534804,21,594,178716,557,13.607712,1.339245,11.58957,
1,46.19559999991907,39,1030,178744,558,13.370858,2.978321,10.07167,
1,42.782100004842505,38,947,178740,559,14.861985,4.327928,14.27558,
1,22.635100001934916,64,1038,178744,560,15.753927,3.218999,12.52999,
1,26.207000002614222,53,784,178692,561,15.099618,4.019601,12.52999,
1,36.9873000017833,21,765,178700,562,17.511518,3.743089,10.4,
1,26.409999998577405,20,747,178688,563,18.172755,2.594425,14.0,
1,40.195800000219606,39,1014,178764,564,12.952687,4.271734,17.6,
1,62.47330000041984,21,544,178696,565,14.76418,3.76705,21.2,
1,25.86660000088159,60,1029,178740,566,19.907727,3.807047,12.52999,
1,23.20509999844944,21,732,178912,567,19.253486,1.05342,12.83151,
1,51.55430000013439,39,972,178772,568,16.82974,1.389291,12.1501,
1,27.462699996249285,38,932,178748,569,18.980037,4.840991,14.0,
1,22.921199997654185,21,833,178712,570,12.273229,1.533045,17.6,
1,31.41390000382671,60,966,178748,571,18.662088,3.747546,12.52999,
1,22.550399997271597,21,803,178716,572,19.853262,4.026037,12.80351,
1,27.266400000371505,39,958,178752,573,16.753521,3.156973,11.329,
1,25.640299994847737,21,786,178920,574,12.078939,4.135259,17.42832,
1,38.52809999807505,21,743,178916,575,15.072014,1.426613,14.0,
1,35.21560000081081,35,677,178708,576,16.374678,2.479851,12.52999,
1,52.28509999869857,21,795,178716,577,16.846864,1.066689,12.32428,
1,51.91909999848576,38,1040,178780,578,13.319809,3.159324,12.57704,
1,25.23079999809852,22,776,178940,579,16.879259,1.328857,16.95617,
1,42.414300005475525,38,1019,178772,580,17.091023,4.364885,17.6,
1,33.88020000420511,60,968,178772,581,14.294269,3.085323,12.52999,
1,45.037999996566214,39,1025,178780,582,19.248954,3.811839,12.38239,
1,34.47080000478309,38,656,178520,583,13.653779,4.865971,12.36342,
1,34.22280000086175,38,930,178760,584,14.7366,4.29681,13.35617,
1,38.879899999301415,38,865,178792,585,15.62014,4.15907,16.10932,
1,51.22800000390271,59,1032,178788,586,19.367381,4.610893,12.52999,
1,23.51510000153212,21,732,178708,587,18.43682,2.291889,12.54285,
1,27.779799995187204,20,623,178696,588,19.301037,1.613359,12.40663,
1,50.28880000463687,39,884,178760,589,14.08156,3.585413,11.34702,
1,23.913699995318893,21,803,178908,590,17.985449,1.201345,12.50932,
1,35.50470000482164,59,984,178772,591,14.150913,2.476133,12.52999,
1,21.07879999675788,39,1022,178756,592,18.777972,1.007669,12.32016,
1,38.50589999638032,38,973,178756,593,19.119965,2.338922,11.95876,
1,50.471499998820946,21,629,178700,594,16.932588,4.743043,12.95275,
1,49.133599997730926,39,953,178756,595,12.492788,3.181014,16.10932,
1,45.36289999668952,42,614,178724,596,13.77774,3.80899,12.52999,
1,20.106600000872277,39,938,178760,597,18.542547,1.984998,12.42301,
1,28.7871999971685,21,631,178712,598,18.879157,1.709654,13.04295,
1,43.696900000213645,39,968,178752,599,15.840578,1.52513,16.55275,
1,25.091000003158115,21,824,178912,600,14.460134,2.496508,17.24207,
1,26.733300001069438,36,762,178708,601,17.562135,2.2674,12.52999,
1,22.72590000211494,38,1032,178756,602,16.237243,3.605281,12.46636,
1,56.844899998395704,38,946,178760,603,18.285883,2.174154,12.92967,
1,73.38750000053551,38,1034,178768,604,12.450796,1.948208,13.25298,
1,52.564599995093886,21,592,178724,605,16.367576,4.510709,16.04041,
1,23.916800004371908,36,821,178928,606,17.260359,3.429115,12.52999,
1,48.7312999975984,39,951,178792,607,12.254179,2.992147,12.47869,
1,50.40260000532726,38,1022,178768,608,14.647214,2.389666,12.55703,
1,45.82680000021355,39,981,178792,609,19.675104,1.65387,12.64131,
1,47.45510000066133,39,1028,178772,610,12.706942,2.220357,12.66257,
1,137.45899999776157,60,988,178772,611,17.141587,2.078434,12.52999,
1,31.38589999434771,43,660,178704,612,17.646567,3.780367,12.52999,
1,36.92690000025323,38,949,178756,613,15.505553,4.338797,10.4,
1,52.33329999464331,21,633,178724,614,14.590268,3.492775,14.0,
1,40.86690000258386,39,963,178760,615,16.320184,1.286776,17.6,
1,65.47439999849303,39,1021,178736,616,14.777806,3.252554,21.2,
1,39.26299999875482,68,888,178780,617,19.80846,4.134607,12.52999,
1,38.995700000668876,38,1037,178760,618,15.847256,1.785882,13.51004,
1,38.42099999747006,38,732,178728,619,14.1597,1.169696,11.20466,
1,64.37200000073062,39,1007,178748,620,16.652646,2.696921,14.92959,
1,71.17839999409625,21,813,178716,621,17.268342,3.12585,19.35697,
1,64.95079999876907,59,1037,178752,622,15.334273,2.408104,12.52999,
1,64.38470000284724,21,644,178700,623,12.324978,4.931868,12.35774,
1,49.470099998870865,30,695,178716,624,12.601578,1.101864,11.07955,
1,53.430699997988995,21,657,178704,625,13.722423,1.544745,11.32959,
1,36.50799999741139,39,832,178704,626,18.355463,1.606519,19.47882,
1,101.37870000471594,39,912,178716,627,14.719601,1.052994,12.52999,
1,101.04510000383016,21,698,178716,628,19.452553,2.284162,11.85767,
1,67.50869999814313,38,967,178792,629,18.743027,4.847739,13.80964,
1,61.337499995715916,21,742,178724,630,17.819616,2.042967,12.63919,
1,45.36219999863533,21,598,178724,631,15.937164,4.130608,15.87882,
1,35.07670000544749,60,815,178708,632,17.589169,4.310287,12.52999,
1,37.108100004843436,21,847,178724,633,16.356594,3.63001,12.33245,
1,62.332399997103494,21,755,178716,634,14.90557,1.765625,10.20963,
1,90.03860000666464,39,943,178780,635,17.577922,1.011529,13.2918,
1,51.11680000118213,38,1023,178780,636,18.271048,1.028933,15.30071,
1,57.08729999605566,68,984,178772,637,16.934407,3.378455,12.52999,
1,3319.2882999937865,39,1034,178772,638,12.844099,3.368809,12.173,
1,34.921300000860356,26,613,178460,639,18.062777,3.143968,13.80964,
1,35.40269999939483,21,791,178476,640,17.382084,3.834687,11.79461,
1,98.10599999764236,39,952,178528,641,13.647279,4.706466,18.90071,
1,78.78489999711746,60,706,178476,642,14.620332,3.334808,12.52999,
1,50.80979999911506,21,656,178488,643,12.825463,4.98562,12.52334,
1,76.04930000525201,38,998,178544,644,17.233129,2.847143,14.68983,
1,40.4774000053294,39,961,178536,645,16.528958,1.108753,13.06294,
1,43.783900000562426,39,1002,178520,646,13.920637,4.898756,16.83991,
1,65.56280000222614,60,985,178536,647,12.648252,1.566804,12.52999,
1,105.08580000168877,35,743,178464,648,16.584618,4.095889,12.23711,
1,48.814499998115934,39,971,178536,649,18.822985,4.444913,11.08983,
1,3321.6650999966078,21,761,178488,650,18.081777,2.390631,13.16144,
1,45.4673999993247,21,860,178252,651,16.652649,4.252492,13.55276,
1,52.61450000398327,36,798,178488,652,13.110767,1.325682,12.52999,
1,83.01750000100583,21,587,178456,653,15.668682,2.241361,12.21968,
1,49.083099998824764,21,808,178488,654,12.029878,3.067454,12.62979,
1,60.036199996829964,38,763,178504,655,14.983822,4.532538,12.38542,
1,60.75589999818476,38,1022,178548,656,14.673408,3.650684,17.15276,
1,26.68630000698613,36,810,178492,657,16.544627,2.198666,12.52999,
1,59.20630000036908,21,760,178456,658,15.740896,2.47064,12.44372,
1,67.82809999276651,21,790,178468,659,13.900688,1.35249,13.2115,
1,33.249600004637614,38,1044,178556,660,12.416971,1.890812,12.94121,
1,38.0797000034363,46,962,178524,661,12.666554,1.602525,20.75276,
1,37.57469999982277,69,1044,178548,662,12.999359,2.493196,12.52999,
1,53.36359999637352,43,834,178472,663,13.905391,1.017635,12.52999,
1,34.90079999755835,38,1032,178544,664,12.263297,4.960214,10.4,
1,64.79599999875063,38,945,178568,665,13.961156,1.16331,14.0,
1,72.74429999961285,21,807,178504,666,17.008078,3.206564,17.6,
1,51.00300000049174,33,826,178484,667,15.110812,3.933327,21.2,
1,2105.1264999987325,36,879,178484,668,19.495863,2.585421,12.52999,
1,40.572499994596,21,773,178488,669,15.002607,3.056733,11.01479,
1,65.33379999746103,39,1020,178556,670,13.875809,1.695896,12.42144,
1,3397.5195000020904,39,955,178556,671,15.109448,3.708076,14.91875,
1,37.30340000038268,25,619,178268,672,12.11816,1.553581,17.6,
1,39.19049999967683,36,752,178472,673,18.464865,2.328581,12.52999,
1,76.14059999468736,38,995,178528,674,16.473247,1.221975,13.42045,
1,70.9597999957623,38,971,178532,675,16.406188,1.110952,11.63871,
1,48.87260000396054,20,769,178704,676,13.658067,2.791587,17.59013,
1,45.96699999819975,38,959,178556,677,16.190498,1.501234,14.0,
1,61.67260000074748,36,840,178708,678,15.672294,4.121934,12.52999,
1,642.29499999783,21,775,178504,679,17.646299,2.476319,11.78041,
1,342.466100002639,39,1023,178556,680,15.969157,4.196011,13.71947,
1,54.68069999915315,38,963,178544,681,14.105409,1.560882,16.57401,
1,26.18330000404967,21,812,178704,682,19.752058,4.492029,10.4,
1,32.9660999996122,60,964,178568,683,18.993503,2.908689,12.52999,
1,57.84729999868432,38,1007,178556,684,12.282817,3.971854,11.2916,
1,44.1659999996773,21,746,178716,685,18.321263,4.860523,11.27211,
1,45.497300001443364,20,635,178504,686,12.286244,4.251247,12.97401,
1,43.54569999850355,38,945,178556,687,14.694385,3.666359,11.16359,
1,47.89359999995213,60,1024,178560,688,19.204482,2.006472,12.52999,
1,42.44689999904949,21,753,178512,689,19.947426,1.151395,12.68245,
1,92.02779999759514,28,788,178496,690,12.917725,2.922711,13.44265,
1,65.78650000301423,39,953,178568,691,17.751607,4.705976,12.42206,
1,3081.561700004386,39,992,178556,692,18.778172,4.882053,12.45355,
1,25.971000002755318,36,796,178464,693,15.530869,2.625262,12.52999,
1,24.783200002275407,39,1046,178532,694,16.715601,3.767796,13.04763,
1,78.4194000007119,38,972,178520,695,19.223049,3.368094,13.80314,
1,23.964100000739563,39,1023,178532,696,19.247744,2.662713,12.32569,
1,42.424599996593315,20,769,178484,697,18.170867,4.99227,16.05355,
1,37.06160000001546,36,861,178700,698,12.630158,3.828976,12.52999,
1,26.837600002181716,38,959,178532,699,19.225279,4.577964,12.49664,
1,19.052499999816064,38,1027,178540,700,18.982069,2.114989,13.23472,
1,2742.5224000035087,38,953,178564,701,15.250407,3.032387,12.5925,
1,27.953299999353476,39,1018,178556,702,19.757383,2.06225,12.45355,
1,32.91059999901336,60,974,178556,703,17.283969,4.039117,12.52999,
1,55.0571999992826,38,1029,178564,704,13.173506,4.481375,10.34001,
1,27.701099999831058,39,969,178564,705,16.041832,4.825184,12.78783,
1,27.777899995271582,21,834,178716,706,19.117529,4.789756,12.52895,
1,48.30759999458678,21,772,178696,707,13.462544,4.338596,10.73053,
1,32.727099998737685,60,1047,178560,708,18.902555,4.789113,12.52999,
1,65.40880000102334,38,964,178564,709,17.196376,2.474128,13.06366,
1,34.73150000354508,39,1012,178564,710,16.695137,1.631528,12.30352,
1,31.151200004387647,39,953,178564,711,19.969489,3.88888,12.35948,
1,34.65390000201296,39,1029,178564,712,14.716454,4.675499,12.35285,
1,22.874600006616674,36,799,178692,713,17.699127,2.332498,12.52999,
1,27.009999997972045,79,899,178512,714,19.435076,2.297367,12.52999,
1,26.02420000039274,21,737,178712,715,14.559688,1.118899,10.4,
1,96.13370000442956,38,1030,178564,716,17.607265,1.432006,14.0,
1,49.145500001031905,22,809,178712,717,12.389378,3.624271,17.6,
1,48.192499998549465,21,755,178712,718,19.746842,1.256705,21.2,
1,25.362899999890942,59,968,178564,719,18.078774,1.914642,12.52999,
1,24.690900005225558,39,1015,178564,720,18.889864,1.048577,14.0,
1,43.33780000160914,21,607,178508,721,13.553194,4.900581,12.19065,
1,22.006200000760145,21,856,178508,722,16.603124,1.526876,14.0,
1,25.310200006060768,21,822,178508,723,12.037755,2.636129,17.6,
1,54.38349999894854,60,908,178700,724,15.475412,3.131214,12.52999,
1,23.65480000298703,37,963,178564,725,17.446383,1.615901,14.96244,
1,26.910200002021156,20,873,178508,726,14.546902,1.211943,13.53473,
1,45.581899998069275,39,965,178564,727,19.972031,2.695401,10.4,
1,19.073100003879517,39,1051,178544,728,17.427881,2.141053,14.0,
1,83.24949999951059,60,859,178468,729,13.137743,1.774138,12.52999,
1,38.30749999906402,29,856,178672,730,12.121523,3.753114,12.92872,
1,2881.920700005139,38,961,178552,731,19.917516,1.366404,12.78521,
1,29.52220000588568,21,581,178504,732,13.32192,4.206787,9.045858,
1,48.28759999509202,21,783,178468,733,17.091112,4.791199,13.0718,
1,23.105200001737103,35,800,178680,734,14.917697,2.712249,12.52999,
1,18.83539999835193,25,729,178680,735,14.29122,4.217557,12.90139,
1,26.7493999999715,21,761,178672,736,13.500131,2.519204,12.3299,
1,21.31589999771677,35,823,178700,737,17.275184,4.653537,12.64586,
1,28.796099999453872,39,1016,178560,738,18.502637,1.33985,16.6718,
1,16.25449999846751,35,737,178660,739,18.912636,4.165303,12.52999,
1,26.82230000209529,21,682,178680,740,15.765875,3.215106,12.8852,
1,29.320299996470567,31,803,178672,741,15.545706,1.221849,12.12415,
1,31.140200000663754,39,1027,178564,742,14.562255,4.652338,11.13179,
1,18.293199995241594,21,751,178468,743,16.789106,1.392728,13.72057,
1,43.57700000400655,60,1050,178556,744,16.411527,3.473725,12.52999,
1,37.77139999874635,39,958,178564,745,18.489909,3.326343,14.62883,
1,22.16970000154106,38,935,178572,746,13.61075,4.879714,12.78253,
1,24.92780000466155,38,946,178548,747,14.370119,3.901456,9.664118,
1,36.76930000074208,21,837,178656,748,17.501804,4.693107,15.88223,
1,31.92719999788096,35,759,178680,749,18.120215,2.55082,12.52999,
1,59.13670000154525,21,818,178716,750,12.384139,3.625351,13.22854,
1,28.469599994423334,38,950,178564,751,12.095083,1.209612,12.42637,
1,78.14670000516344,39,641,178516,752,12.18529,3.292522,10.57061,
1,26.275099997292273,38,855,178572,753,18.29954,1.281008,13.54192,
1,24.56920000258833,59,1016,178564,754,14.554372,2.516718,12.52999,
1,86.20890000020154,39,816,178508,755,19.195451,3.585344,12.25056,
1,29.025800002273172,20,640,178508,756,15.238008,4.688035,12.16338,
1,25.5646000005072,26,700,178720,757,17.49705,3.688986,11.3221,
1,58.16860000049928,39,1012,178564,758,17.696746,3.167312,11.77518,
1,46.84049999923445,60,969,178564,759,15.739988,4.889966,12.52999,
1,31.133099997532554,39,1059,178564,760,16.574616,2.624791,12.07529,
1,50.95100000471575,38,969,178564,761,12.748608,1.769037,12.43102,
1,34.987499995622784,21,817,178716,762,19.866317,4.846818,11.98393,
1,23.844999996072147,35,801,178700,763,12.023809,1.311181,13.02986,
1,17.535999999381602,60,1062,178564,764,17.431124,1.872066,12.52999,
1,38.65660000155913,79,1000,178564,765,17.309224,1.839288,12.52999,
1,52.88769999606302,39,1028,178564,766,15.174741,2.303545,10.4,
1,67.3707000023569,21,806,178500,767,13.971869,4.100458,14.0,
1,20.551400004478637,39,1021,178560,768,14.430511,4.658621,17.6,
1,78.77420000295388,39,790,178508,769,13.509766,4.579744,21.2,
1,34.301899999263696,60,1044,178564,770,13.227908,2.183778,12.52999,
1,61.72030000016093,38,981,178532,771,19.869624,1.189272,12.4506,
1,32.647100000758655,38,1022,178532,772,18.706356,1.654734,12.2737,
1,44.36620000342373,38,973,178532,773,16.152766,4.8328,14.0,
1,38.94700000091689,38,1038,178532,774,12.951439,2.507614,17.6,
1,38.45550000551157,60,890,178528,775,16.06544,3.60893,12.52999,
1,62.363100005313754,38,1008,178532,776,14.689905,1.994987,12.28692,
1,30.643300000519957,21,633,178676,777,19.262562,1.032272,11.62247,
1,30.916600000637118,26,802,178680,778,19.849785,1.597216,17.01807,
1,29.64060000522295,21,723,178696,779,13.848241,3.926525,14.0,
1,28.36369999567978,35,822,178500,780,18.02449,3.052076,12.52999,
1,47.488100004557054,21,540,178488,781,12.17238,1.890641,10.25486,
1,29.538499999034684,39,1003,178540,782,13.663891,4.569269,11.73767,
1,31.070599994563963,39,952,178548,783,15.670678,4.069772,13.93361,
1,20.591699998476543,21,795,178696,784,19.249885,2.572604,15.45492,
1,45.979099995747674,35,785,178688,785,19.391075,3.721658,12.52999,
1,51.91900000500027,20,787,178692,786,16.838879,2.802725,11.3308,
1,44.09020000457531,39,951,178532,787,15.536892,2.295946,12.79088,
1,22.33200000046054,39,1021,178532,788,14.231228,2.940577,12.70971,
1,60.61489999410696,20,608,178488,789,15.261284,2.049269,11.85492,
1,39.55069999938132,35,799,178692,790,12.589808,4.893077,12.52999,
1,25.5371000021114,21,788,178688,791,16.581852,2.343868,10.49784,
1,18.045299999357667,21,757,178668,792,18.722463,2.948191,12.56465,
1,42.42550000344636,39,947,178532,793,18.686773,1.659066,15.57417,
1,32.141999996383674,46,1024,178532,794,13.164779,1.941046,15.45492,
1,25.41919999930542,36,717,178696,795,18.88182,4.058481,12.52999,
1,38.97510000388138,21,649,178488,796,14.624327,4.734142,12.38575,
1,24.958199996035546,21,730,178688,797,18.882834,2.552322,12.16467,
1,25.211300002411008,21,856,178484,798,16.798858,4.939331,16.00822,
1,28.6197000023094,38,792,178684,799,17.650391,1.790962,16.36822,
1,29.86080000118818,35,815,178488,800,16.789041,4.565004,12.52999,
1,38.60569999960717,21,814,178484,801,16.258619,2.869502,12.01296,
1,19.099999997706618,38,1014,178512,802,17.963152,2.816177,12.46878,
1,45.28009999921778,38,961,178532,803,17.065149,1.028107,12.40822,
1,35.267500003101304,21,798,178692,804,18.102488,4.844117,12.76822,
1,20.215600001392886,60,984,178512,805,18.761775,4.266846,12.52999,
1,46.375400001124945,38,1019,178520,806,15.788701,3.941438,11.32059,
1,24.411200000031386,39,956,178532,807,15.913273,1.45417,12.27224,
1,22.20600000146078,21,802,178688,808,12.268282,2.392784,10.61743,
1,32.26900000299793,38,962,178532,809,18.693044,2.88066,10.82225,
1,32.05909999815049,35,843,178476,810,12.888189,1.134221,12.52999,
1,43.06940000242321,38,949,178540,811,16.222868,1.993637,10.8308,
1,30.919900003937073,38,1034,178540,812,17.109746,2.182915,12.49097,
1,23.932800002512522,38,742,178492,813,15.54875,1.565562,14.21743,
1,38.2882999983849,27,685,178484,814,15.246572,3.274515,12.53282,
1,48.8958999994793,60,751,178492,815,16.24377,1.408692,12.52999,
1,41.933499996957835,43,869,178496,816,18.880324,3.855514,12.52999,
1,23.82029999716906,21,689,178492,817,13.19065,1.441011,10.4,
1,44.28550000011455,21,666,178484,818,13.386914,2.640973,14.0,
1,36.54400000232272,21,654,178488,819,13.958653,1.914604,17.6,
1,50.22610000014538,21,871,178496,820,17.021185,1.477637,21.2,
1,31.2088999999105,35,810,178484,821,13.704081,4.657798,12.52999,
1,33.67630000138888,21,709,178496,822,12.941584,1.891094,12.77929,
1,57.30079999921145,21,814,178484,823,19.267962,4.124253,13.50017,
1,36.05819999938831,21,788,178484,824,15.586149,4.878189,17.13394,
1,39.99479999765754,38,946,178536,825,14.615426,3.374819,18.37943,
1,59.19780000112951,60,1050,178532,826,13.626939,2.836916,12.52999,
1,43.2102999984636,21,653,178484,827,13.962429,3.883047,13.96259,
1,42.60940000676783,21,718,178484,828,13.473619,4.544004,12.81404,
1,59.29889999970328,21,802,178464,829,19.175517,4.074242,14.95518,
1,43.63939999893773,21,823,178488,830,19.087452,2.209535,16.55945,
1,118.293999999878,60,989,178532,831,12.414319,4.633257,12.52999,
1,26.068500003020745,21,828,178484,832,16.614964,1.175782,11.26812,
1,48.18259999592556,39,956,178532,833,18.207507,2.28606,12.181,
1,2686.1280999946757,21,725,178508,834,19.616059,4.93846,17.31555,
1,82.81139999598963,21,744,178492,835,16.821128,4.631352,20.15945,
1,67.47180000093067,35,638,178452,836,14.856345,2.098614,12.52999,
1,59.673299998394214,40,854,178476,837,17.841376,3.235419,12.60527,
1,100.30639999604318,20,728,178468,838,12.197578,2.394916,12.24383,
1,31.03420000115875,21,604,178492,839,12.06909,2.236204,17.78571,
1,71.70160000532633,20,688,178488,840,15.741517,2.447807,16.55945,
1,22.148500000184868,35,824,178476,841,16.193148,1.117902,12.52999,
1,64.36740000208374,39,1030,178560,842,19.591321,1.84444,13.44171,
1,35.49070000008214,38,946,178564,843,12.672988,3.424233,12.66873,
1,92.59749999910127,39,1029,178564,844,17.368377,2.283513,14.18571,
1,68.71699999464909,30,877,178468,845,19.323644,1.618112,15.12805,
1,72.02709999546641,59,1038,178528,846,13.376026,4.374536,12.52999,
1,64.5890000014333,21,661,178468,847,15.593069,3.239132,10.95833,
1,62.384800003201235,38,1019,178564,848,18.142316,2.902071,12.48852,
1,72.2475000002305,20,806,178488,849,19.123659,1.895608,13.35946,
1,29.6022999973502,21,696,178456,850,15.916361,1.679624,18.72805,
1,68.73150000319583,35,831,178480,851,13.903432,3.453555,12.52999,
1,36.791600003198255,38,1015,178540,852,16.815988,2.525232,11.23361,
1,2351.3444000054733,21,679,178484,853,12.073217,2.79329,12.22512,
1,78.64329999574693,38,1053,178544,854,14.157771,4.981119,16.66708,
1,62.37180000607623,21,769,180532,855,16.627684,4.542716,15.12805,
1,93.36210000037681,53,738,180528,856,17.530019,1.365698,12.52999,
1,110.9922000032384,38,794,180540,857,15.925566,4.798826,13.31439,
1,35.58360000170069,21,649,180524,858,16.250913,1.565542,12.53507,
1,29.55689999362221,39,805,180536,859,18.099835,4.11203,13.06708,
1,88.95739999570651,21,649,180460,860,17.876295,3.642869,17.43434,
1,133.55610000144225,35,777,180520,861,18.807097,2.721275,12.52999,
1,54.88159999367781,39,1019,178548,862,14.722616,4.582446,12.92297,
1,59.43280000064988,21,760,178476,863,12.686049,4.876447,12.18408,
1,42.375600001832936,21,864,178468,864,13.427249,2.337262,12.07566,
1,62.98450000031153,38,954,178564,865,18.414884,1.499665,14.79042,
1,110.14040000009118,69,1043,178564,866,14.983122,3.59528,12.52999,
1,87.35420000448357,79,1034,178492,867,14.644703,4.379915,12.52999,
1,26.712400001997594,39,1042,178564,868,14.355224,3.359313,10.4,
1,54.763400003139395,39,940,178564,869,14.821006,1.438648,14.0,
1,33.63829999580048,39,1022,178564,870,14.227421,4.264646,17.6,
1,49.39200000080746,38,974,178564,871,14.535543,2.381232,21.2,
1,25.13639999961015,35,854,178712,872,19.108514,4.663024,12.52999,
1,32.35419999691658,38,954,178564,873,16.592312,1.4416,12.72342,
1,69.92880000325385,39,1014,178372,874,14.073685,4.166021,11.35776,
1,98.44019999582088,21,743,178716,875,15.033839,4.712845,15.00916,
1,87.78059999895049,39,1024,178564,876,15.033458,4.948132,17.6,
1,47.51540000142995,59,998,178524,877,17.244478,2.115019,12.52999,
1,50.4605999958585,21,633,178480,878,16.377558,4.201335,13.77369,
1,60.55899999773828,21,678,178468,879,13.985505,2.180933,12.14185,
1,46.81910000363132,38,1019,178524,880,15.331321,2.451473,12.4718,
1,33.01890000147978,21,796,178488,881,19.515796,3.588664,14.0,
1,58.915699999488425,59,909,178688,882,16.718808,4.786978,12.52999,
1,22.769000002881512,21,737,178688,883,15.215692,3.744797,13.9035,
1,35.17999999894528,23,769,178496,884,13.3484,4.335509,12.01766,
1,40.55009999865433,21,584,178496,885,14.625169,2.912421,14.76672,
1,23.82410000427626,21,788,178672,886,12.219657,1.587506,15.94588,
1,48.13740000099642,64,967,178532,887,18.514948,3.703118,12.52999,
1,55.756299996573944,38,1043,178532,888,12.039414,4.047012,11.63215,
1,35.55619999679038,26,821,178688,889,17.014494,4.791946,11.44256,
1,35.86640000139596,38,1038,178532,890,19.443566,2.687136,15.07527,
1,54.07530000229599,21,791,178688,891,12.889125,2.678083,18.66154,
1,23.317899998801295,35,817,178688,892,15.174534,3.000089,12.52999,
1,35.018599999602884,38,958,178532,893,13.994185,2.304925,11.88693,
1,40.74840000248514,21,880,178484,894,12.512214,4.009635,12.59691,
1,51.608800000394695,39,969,178512,895,14.234781,3.723293,11.47617,
1,36.852500001259614,21,784,178692,896,14.213826,4.365448,15.78046,
1,31.93720000126632,35,770,178488,897,13.905967,1.482414,12.52999,
1,52.11620000045514,21,842,178692,898,18.248053,1.912361,11.99331,
1,31.832300002861302,21,804,178484,899,13.396521,3.283821,12.20987,
1,23.68959999876097,21,844,178488,900,12.499737,3.234055,11.2048,
1,53.37809999764431,39,794,178488,901,12.146926,2.713575,19.38046,
1,40.256100000988226,60,1036,178540,902,15.322312,1.341761,12.52999,
1,28.14619999844581,21,562,178496,903,12.65656,3.348177,12.49076,
1,40.372399998886976,21,809,178680,904,12.032959,3.926884,12.38732,
1,31.361900000774767,21,783,178472,905,14.948457,2.051303,13.72046,
1,39.61929999786662,21,627,178496,906,19.608344,1.089486,20.0653,
1,361.85029999614926,60,1007,178192,907,17.015715,1.071465,12.52999,
1,19.904100001440383,21,842,178352,908,15.056021,2.250236,11.10985,
1,42.376199999125674,27,812,178556,909,12.642736,4.132759,10.81692,
1,64.86279999808175,39,1018,178376,910,16.574874,1.309345,13.9065,
1,87.18520000547869,38,980,178408,911,19.817357,1.442965,16.4653,
1,53.953499998897314,35,907,178348,912,15.936627,1.122038,12.52999,
1,51.824199996190146,21,790,178348,913,15.246564,2.966303,12.62199,
1,50.84639999404317,38,963,178400,914,18.85046,3.710183,11.74645,
1,45.037600000796374,39,902,178416,915,14.81822,1.737204,12.9755,
1,75.65369999792892,21,649,178348,916,12.361751,2.31405,18.98733,
1,29.847999998310115,50,836,176004,917,12.50261,1.703623,12.52999,
1,62.19700000656303,79,1079,178408,918,17.205979,1.806202,12.52999,
1,45.707600002060644,38,960,178376,919,14.991347,1.028352,10.4,
1,60.65680000028806,38,1049,178416,920,19.301405,4.363428,14.0,
1,35.84209999826271,39,967,178408,921,12.756959,3.738274,17.6,
1,50.7316000002902,21,662,178332,922,15.934293,4.287567,21.2,
1,96.45340000133729,35,805,178352,923,13.429941,1.720417,12.52999,
1,49.15690000052564,43,999,178376,924,19.632022,1.833054,10.53457,
1,18.641199996636715,21,772,178572,925,15.479943,1.668899,13.86007,
1,40.99590000259923,21,697,178320,926,14.599886,2.321786,14.0,
1,47.442000002774876,39,971,178408,927,16.861652,3.116519,17.6,
1,39.08509999746457,60,1054,178408,928,19.654215,4.231325,12.52999,
1,74.20880000427132,21,752,178332,929,17.947588,2.186859,11.78425,
1,55.53510000027018,38,1041,178408,930,14.422983,2.830018,12.39155,
1,39.694900005997624,21,702,178376,931,14.34693,1.743136,17.24062,
1,31.26219999830937,38,1004,178376,932,13.573443,2.516391,14.0,
1,33.19010000268463,35,845,178348,933,14.689648,4.764401,12.52999,
1,26.73299999878509,39,979,178416,934,16.84021,4.479296,11.31181,
1,21.69310000317637,38,799,178536,935,12.788951,1.156528,13.60518,
1,91.96000000520144,39,1074,178416,936,18.669848,2.749301,14.60625,
1,29.25570000661537,39,994,178788,937,16.405355,2.09086,12.81589,
1,58.07749999803491,36,791,178740,938,15.46572,1.530797,12.52999,
1,22.496999998111278,21,740,178936,939,19.933048,3.198603,12.11563,
1,57.93969999649562,39,1015,178788,940,12.790545,4.406309,12.33061,
1,42.121799997403286,21,645,178912,941,15.440637,3.540789,17.60393,
1,50.21389999456005,39,1029,178768,942,13.258012,2.582354,14.83611,
1,32.819200001540594,41,868,178704,943,15.983896,2.98901,12.52999,
1,33.33859999838751,39,1031,176392,944,18.558049,2.983158,12.05095,
1,67.74220000079367,21,748,178712,945,14.419998,2.071021,11.97898,
1,20.672799997555558,39,1019,178768,946,14.461615,2.889337,14.00393,
1,61.29979999968782,21,789,178912,947,14.114358,1.123786,17.65253,
1,29.313999999430962,35,845,178912,948,13.593889,3.312623,12.52999,
1,40.23229999438627,38,958,178756,949,14.164268,2.327318,12.56874,
1,65.69669999589678,38,1018,178764,950,14.068622,1.387094,12.41178,
1,29.228999999759253,42,969,178756,951,13.443146,2.017923,16.30656,
1,37.48520000226563,43,957,178548,952,18.7148,1.884903,14.05253,
1,32.697400005417876,60,965,178756,953,18.627183,3.973198,12.52999,
1,42.84439999901224,39,1023,178764,954,19.794356,4.014361,11.48159,
1,23.985100000572857,21,824,178708,955,12.920904,4.760171,12.54776,
1,26.11750000505708,21,631,178688,956,18.736757,2.774514,12.73745,
1,41.41109999909531,38,974,178764,957,15.468712,1.123817,17.55309,
1,26.20780000142986,60,1033,178756,958,13.741132,3.859544,12.52999,
1,20.4375000030268,21,842,178708,959,12.884214,4.96698,11.42594,
1,25.56670000194572,20,811,178692,960,12.17346,4.963894,12.23791,
1,38.62180000578519,34,797,178700,961,14.369661,2.843461,16.33745,
1,56.26270000357181,38,1048,178772,962,16.363772,2.158213,13.95309,
1,54.168400005437434,49,834,178712,963,13.763981,1.202277,12.52999,
1,22.014199996192474,21,767,178920,964,18.587464,4.889237,12.60102,
1,23.237400004290976,39,879,178780,965,13.00446,4.439323,12.38181,
1,20.866300001216587,38,1018,178772,966,17.764316,4.000901,13.04582,
1,46.83700000168756,21,728,178720,967,15.102444,1.2303,12.11728,
1,32.3426000031759,60,1038,178772,968,17.523385,4.848506,12.52999,
1,22.729600001184735,43,764,178716,969,17.270066,1.936209,12.52999,
1,39.257699994777795,39,1008,178772,970,16.293882,1.486701,10.4,
1,52.31850000564009,39,954,178772,971,17.743028,3.691457,14.0,
1,30.298400000901893,38,1014,178772,972,15.574352,1.034658,17.6,
1,27.273200001218356,38,952,178772,973,12.482929,3.727911,21.2,
1,52.29959999996936,60,1035,178772,974,17.539307,3.300837,12.52999,
1,29.26090000255499,39,785,178932,975,13.82153,3.652526,13.4668,
1,31.713200005469844,21,727,178948,976,12.844042,3.510722,13.07473,
1,34.82810000423342,38,971,178768,977,16.578543,2.421975,14.47417,
1,39.383000002999324,21,627,178732,978,13.753328,3.898331,17.6,
1,36.849700001766905,64,980,178788,979,13.447936,1.629419,12.52999,
1,81.73990000068443,39,1035,178788,980,17.062113,3.642498,13.76314,
1,39.025099998980295,21,741,178720,981,12.815753,2.049153,11.52993,
1,19.453600005363114,39,1016,178788,982,12.788768,4.655326,10.87417,
1,56.0062000004109,21,755,178744,983,12.067092,2.404046,17.03373,
1,72.6552000051015,35,800,178936,984,13.254568,2.86798,12.52999,
1,27.69020000414457,38,963,178788,985,19.254699,3.829506,10.79037,
1,41.02390000480227,39,938,178796,986,14.88139,1.746615,11.2001,
1,31.791100002010353,38,965,178788,987,17.640097,3.167663,13.78928,
1,50.0878000020748,21,752,178740,988,17.76232,1.179421,14.66372,
1,19.53549999598181,35,728,178936,989,13.385125,2.279493,12.52999,
1,55.74060000071768,21,627,178712,990,15.732294,3.277784,9.508755,
1,34.42989999894053,39,949,178788,991,16.496752,3.171663,13.49795,
1,19.498000001476612,21,808,178948,992,16.528931,2.669902,14.20839,
1,40.62970000086352,38,958,178788,993,14.230503,3.072518,18.26372,
1,24.412099999608472,35,798,178936,994,12.974884,3.997085,12.52999,
1,41.531599999871105,39,952,178788,995,19.623486,1.216386,13.10876,
1,45.18820000521373,21,818,178732,996,18.258617,1.895332,12.0785,
1,105.06460000033258,38,964,178788,997,14.691291,1.134153,13.86176,
1,38.04330000275513,25,885,178736,998,19.752686,3.248382,15.48274,
1,32.41879999404773,35,614,178712,999,12.652651,2.286223,12.52999,
