t_sim,ok,rtt_ms,t_us,t_loc_us,heap,vpv,ipv,vref
0.0005,1,28.0,,,,19.804061998551262,3.7323586992834774,10.4
0.029000000000000022,1,28.0,,,,15.953482316356947,4.934092588674427,14.0
0.057500000000000044,1,28.0,,,,12.385074458048335,4.96912504155503,17.6
0.08600000000000006,1,28.0,,,,18.347470470428327,4.62786443674165,21.2
0.11450000000000009,1,28.0,,,,20.898057147916575,2.3125117051324793,7.139130104919161
0.1430000000000001,1,28.0,,,,8.739892962375793,4.978605445713725,14.0
0.17150000000000012,1,28.0,,,,12.071486692365339,4.9700569645806025,15.447849760007054
0.20000000000000015,1,28.0,,,,15.32629922966715,4.948802337253455,17.6
0.22850000000000018,1,28.0,,,,18.261453027710346,4.654798852306623,19.902235946628494
0.2570000000000002,1,28.0,,,,20.14356049500686,3.3674809448993455,10.73913010491916
0.2855000000000002,1,28.0,,,,13.506559953939261,4.965029816296795,12.115865865629177
0.3140000000000002,1,28.0,,,,11.647813265358034,4.971243546359375,17.080338156990496
0.34250000000000025,1,28.0,,,,17.824240165943017,4.7630958102110545,17.6
0.3710000000000003,1,28.0,,,,18.24011363376492,4.661162880853343,18.326999468219128
0.3995000000000003,1,28.0,,,,18.936387660148416,4.3782645486909315,14.33913010491916
0.4280000000000003,1,28.0,,,,16.458933494722743,4.913588833611143,9.673959990635618
0.45650000000000035,1,28.0,,,,14.000066929194569,4.962468085410301,18.29156519187476
0.4850000000000004,1,28.0,,,,19.483167078436995,4.0165516963500485,17.6
0.5134999999999988,1,28.0,,,,18.231602164660902,4.663667004721358,16.117680205114063
0.5419999999999957,1,28.0,,,,17.13492627959323,4.863624421599843,17.939130104919162
0.5704999999999926,1,28.0,,,,18.608227054716128,4.532481832854601,9.736381047378506
0.5989999999999894,1,28.0,,,,15.915234413223958,4.935266065553294,17.857492460113797
0.6274999999999863,1,28.0,,,,19.07314639367375,4.301012414050454,17.6
0.6559999999999832,1,28.0,,,,18.247016363384645,4.659117769437448,17.141829071755907
0.68449999999998,1,28.0,,,,17.79519991798582,4.7688298688096475,19.17834200423772
0.7129999999999769,1,28.0,,,,19.657722601039136,3.8690577544303517,13.336381047378506
0.7414999999999737,1,28.0,,,,15.35522037380669,4.948298507051856,16.43190053391143
0.7699999999999706,1,28.0,,,,16.65676235143237,4.902287770651672,17.6
0.7984999999999675,1,28.0,,,,18.24437389719613,4.6599021847412745,18.024452119505487
0.8269999999999643,1,28.0,,,,18.65996854124355,4.510863750517963,17.934140293549902
0.8554999999999612,1,28.0,,,,18.591814006011493,4.539142969184146,13.475205558249415
0.883999999999958,1,28.0,,,,16.50445343742764,4.911183587395465,17.44283883713818
0.9124999999999549,1,28.0,,,,18.1904295281128,4.67550945818966,17.6
0.9409999999999518,1,28.0,,,,18.255607436522947,4.6565544590953545,16.111606298190633
0.9694999999999486,1,28.0,,,,17.11241550784336,4.865889954601153,17.201579821762618
0.9979999999999455,1,28.0,,,,17.80923794191274,4.7660779535979465,17.075205558249415
1.0264999999999425,1,28.0,,,,17.728355181558477,4.781436120253055,17.94830798875155
1.0549999999999393,1,28.0,,,,18.60314190701675,4.534555599165599,17.309099882709695
1.0834999999999362,1,28.0,,,,17.947059617912554,4.737008997426951,18.69497144165073
1.111999999999933,1,28.0,,,,19.26694323446624,4.176908834521621,17.10545211480508
1.14049999999993,1,28.0,,,,17.668801437310496,4.792002378775329,19.408002874111112
1.1689999999999268,1,28.0,,,,19.8095760646121,3.726969624966319,17.492240519004106
1.1974999999999236,1,28.0,,,,18.082987546792666,4.704382897284798,17.339662272964514
1.2259999999999205,1,28.0,,,,17.98990234027053,4.727171131215862,17.270033725903794
1.2544999999999173,1,28.0,,,,17.91005364684427,4.745191928337407,17.439594501723498
1.2829999999999142,1,28.0,,,,18.09530729342093,4.701215899138979,15.808002874111112
1.311499999999911,1,28.0,,,,16.98479257819563,4.877812599038086,17.264206784130383
1.339999999999908,1,28.0,,,,17.86127035279134,4.755549185237856,17.50767660181275
1.3684999999999048,1,28.0,,,,18.14778384994097,4.687313522904991,16.923798987888937
1.3969999999999017,1,28.0,,,,17.618309070724834,4.800495022949174,17.439594501723498
1.4254999999998985,1,28.0,,,,18.092045700202668,4.702057876867992,17.3995945017235
1.4539999999998954,1,28.0,,,,18.040836147996398,4.7149479867106265,17.439594501723498
1.4824999999998922,1,28.0,,,,18.09009614036779,4.702559937918684,17.479594501723497
1.510999999999889,1,28.0,,,,18.123828617266682,4.69374363730476,17.439594501723498
1.539499999999886,1,28.0,,,,18.08935480420254,4.702750612317592,17.3995945017235
1.5679999999998828,1,28.0,,,,18.040836147991932,4.714947986711724,17.439594501723498
1.5964999999998797,1,28.0,,,,18.090096140427942,4.702559937903208,17.479594501723497
1.6249999999998765,1,28.0,,,,18.123828617839614,4.693743637152667,17.439594501723498
1.6534999999998734,1,28.0,,,,18.089354804383767,4.702750612270996,17.3995945017235
1.6819999999998703,1,28.0,,,,18.04083614797186,4.714947986716657,17.439594501723498
1.7104999999998671,1,28.0,,,,18.09009614032773,4.702559937928991,17.479594501723497
1.738999999999864,1,28.0,,,,18.123828617787847,4.693743637166409,17.439594501723498
1.7674999999998608,1,28.0,,,,18.089354804410082,4.70275061226423,17.3995945017235
1.7959999999998577,1,28.0,,,,18.04083614806294,4.714947986694273,17.439594501723498
1.8244999999998546,1,28.0,,,,18.09009614032127,4.702559937930654,17.479594501723497
1.8529999999998514,1,28.0,,,,18.123828617503563,4.693743637241876,17.439594501723498
1.8814999999998483,1,28.0,,,,18.089354804459497,4.702750612251525,17.3995945017235
1.9099999999998452,1,28.0,,,,18.04083614808322,4.71494798668929,17.439594501723498
1.938499999999842,1,28.0,,,,18.090096140422013,4.702559937904734,17.479594501723497
1.9669999999998389,1,28.0,,,,18.024013662546697,3.8199235429428287,17.439594501723498
1.9954999999998357,1,28.0,,,,17.86809391440533,2.212344311056008,10.4
2.0239999999998433,1,28.0,,,,16.27346532448614,1.9538852696433158,14.0
2.0524999999998528,1,28.0,,,,11.455575426289451,1.9719376840166367,17.6
2.0809999999998623,1,28.0,,,,16.72869178775031,1.948781162144567,21.2
2.109499999999872,1,28.0,,,,21.326658082105492,0.8643401994269508,17.439594501723498
2.1379999999998813,1,28.0,,,,17.74395153100221,1.9259506208466899,14.0
2.166499999999891,1,28.0,,,,16.924253314079856,1.945890652293357,17.6
2.1949999999999004,1,28.0,,,,16.706755546711143,1.9490751416923755,17.548035378303048
2.22349999999991,1,28.0,,,,17.853852217996792,1.9218573458537387,17.599999999999998
2.2519999999999194,1,28.0,,,,17.833701538071853,1.9226416256239747,17.439594501723498
2.280499999999929,1,28.0,,,,17.7943007067465,1.9241305700509188,16.410714622692968
2.3089999999999384,1,28.0,,,,17.390740431687238,1.9364755168744807,19.277017326536885
2.337499999999948,1,28.0,,,,19.47957708881977,1.761578420434836,17.444471008897814
2.3659999999999575,1,28.0,,,,18.501754038141755,1.8860213609716738,15.587682156688107
2.394499999999967,1,28.0,,,,17.233416688860316,1.9401225638254131,17.439594501723498
2.4229999999999765,1,28.0,,,,16.798336946448742,1.9478091844411236,17.993944055953364
2.451499999999986,1,28.0,,,,18.040185482186057,1.9138086680843067,18.469000782348235
2.4799999999999955,1,28.0,,,,18.61143750710221,1.877297415564104,17.38353227481916
2.508500000000005,1,28.0,,,,18.231074910517833,1.9038510203194896,16.885512928935572
2.5370000000000146,1,28.0,,,,17.457640249755688,1.9347497501479847,17.439594501723498
2.565500000000024,1,28.0,,,,17.414529273325996,1.9358745834815483,17.920333625895204
2.5940000000000336,1,28.0,,,,17.991280173673484,1.9160679816255053,16.131434147075463
2.622500000000043,1,28.0,,,,17.630960371955258,1.9297204307776288,17.509909079847812
2.6510000000000526,1,28.0,,,,17.102330869139777,1.9427721231118031,19.308670231284573
2.679500000000062,1,28.0,,,,19.503619952916335,1.7567686588844993,17.439594501723498
2.7080000000000717,1,28.0,,,,18.50724779413428,1.885606888645613,17.185659858853523
2.736500000000081,1,28.0,,,,17.600583032287783,1.9306645324992913,19.30628138300915
2.7650000000000907,1,28.0,,,,19.501589704241532,1.757179099576232,17.450420649381698
2.7935000000001002,1,28.0,,,,18.50655659814522,1.8856591613259757,18.499240922504846
2.8220000000001098,1,28.0,,,,18.5221098251066,1.8844740988853652,17.439594501723498
2.8505000000001193,1,28.0,,,,18.250258396321986,1.902740809533365,17.529716377398973
2.879000000000129,1,28.0,,,,17.742758230794966,1.9259926673588164,18.789808832658018
2.9075000000001383,1,28.0,,,,18.869038763011247,1.8526113187124968,17.40626839703525
2.936000000000148,1,28.0,,,,18.343424310958426,1.8970339753346956,16.15948679862819
2.9645000000001573,1,28.0,,,,17.308966683726354,1.9384395001654977,17.439594501723498
2.993000000000167,1,28.0,,,,17.030359099052944,1.9440944857464906,18.3116403108126
3.0215000000001764,1,28.0,,,,18.316924854070788,1.8987119144527056,16.40796418535626
3.050000000000186,1,28.0,,,,17.90617848489985,1.9197458889470937,17.469442819159678
3.0785000000001954,1,28.0,,,,17.193440616228806,1.9409655004725224,17.232530452286724
3.107000000000205,1,28.0,,,,17.62000563504284,1.9300641401015342,17.439594501723498
3.1355000000002144,1,28.0,,,,17.592497538169695,1.9309111243164918,18.51536692269152
3.164000000000224,1,28.0,,,,18.532481869442467,1.883673455974098,17.939035435100717
3.1925000000002335,1,28.0,,,,18.425323003144936,1.8915564280622856,17.43256239473536
3.221000000000243,1,28.0,,,,17.96496547122553,1.9172387580216463,19.684299072457733
3.2495000000002525,1,28.0,,,,19.94787352272437,1.6451922365793754,17.439594501723498
3.278000000000262,1,28.0,,,,18.558001482189802,1.8816676550380946,18.2488850313968
3.3065000000002716,1,28.0,,,,18.257874628716632,1.902294067368233,18.813125959736425
3.335000000000281,1,28.0,,,,18.989492986772586,1.8387014229653176,17.431766307437112
3.3635000000002906,1,28.0,,,,18.363784497047476,1.8957140689522707,18.054408609216967
3.3920000000003,1,28.0,,,,18.087174436535513,1.9115312796976012,17.439594501723498
3.4205000000003096,1,28.0,,,,18.037941632476894,1.9139147641197791,17.439594501723498
3.449000000000319,1,28.0,,,,17.705091645783902,1.9272947300656527,10.4
3.4775000000003287,1,28.0,,,,16.263505308413023,1.953976942804973,14.0
3.506000000000338,1,28.0,,,,11.477000214695392,1.971884454408493,17.6
3.5345000000003477,1,28.0,,,,16.730484766717552,1.948756882002047,21.2
3.563000000000357,1,28.0,,,,21.326847731482044,0.8641707747570184,17.439594501723498
3.5915000000003667,1,28.0,,,,17.74607557833714,1.9258756562659272,14.0
3.6200000000003763,1,28.0,,,,16.909387988235668,1.9461286683086916,17.6
3.6485000000003858,1,28.0,,,,16.72181464729073,1.9488739366448908,17.550307569489455
3.6770000000003953,1,28.0,,,,17.845395489680616,1.9221883998500295,18.73514756332513
3.705500000000405,1,28.0,,,,18.80487608927408,1.8593670077534878,17.439594501723498
3.7340000000004143,1,28.0,,,,18.34430582010168,1.896977386713543,16.14525482394201
3.762500000000424,1,28.0,,,,17.313149841075717,1.9383427222860798,19.189822556889574
3.7910000000004334,1,28.0,,,,19.372839163419584,1.781639630243389,17.518758147367347
3.819500000000443,1,28.0,,,,18.51007506533124,1.8853926938628847,16.29820252864463
3.8480000000004524,1,28.0,,,,17.40649826542875,1.9360789987198697,17.439594501723498
3.876500000000462,1,28.0,,,,17.08589615013122,1.9430819233953824,18.421867121989386
3.9050000000004714,1,28.0,,,,18.44303564777668,1.89031128453415,17.07588008888368
3.933500000000481,1,28.0,,,,18.10935335201459,1.9104185568945913,17.44686680994715
3.9620000000004905,1,28.0,,,,17.512169319858586,1.9332580254621525,19.89820252864463
3.9905000000005,1,28.0,,,,20.18086838301271,1.5659050079534957,17.439594501723498
4.019000000000492,1,28.0,,,,18.5446550493434,1.88272307556677,18.79663861247299
4.047500000000476,1,28.0,,,,18.86261392329267,1.8533074381065067,16.389528589166797
4.076000000000461,1,28.0,,,,18.136436627323505,1.9090258176739348,17.434659040666016
4.104500000000445,1,28.0,,,,17.152413421010618,1.941798174334736,17.849743494296852
4.133000000000429,1,28.0,,,,17.938528821513923,1.9183844131119685,17.439594501723498
4.161500000000413,1,28.0,,,,17.932708673358132,1.9186326042533783,18.895900745701994
4.190000000000397,1,28.0,,,,18.987622945960876,1.8389303397614771,16.823637415212083
4.218500000000382,1,28.0,,,,18.26436470369567,1.901910675499221,17.5084432892041
4.247000000000366,1,28.0,,,,17.415655488576675,1.9358457908160163,17.03209879253413
4.27550000000035,1,28.0,,,,17.590187631787504,1.9309812143260465,17.439594501723498
4.304000000000334,1,28.0,,,,17.502788527513076,1.9335203096047735,18.07949951770697
4.332500000000318,1,28.0,,,,18.114236379168627,1.9101702356066068,17.33932913250019
4.361000000000303,1,28.0,,,,18.010903762018078,1.9151746582226186,17.52515502471041
4.389500000000287,1,28.0,,,,17.70580551124183,1.9272705001469053,18.197706276343986
4.418000000000271,1,28.0,,,,18.24338702216017,1.9031409389984602,17.439594501723498
4.446500000000255,1,28.0,,,,18.11045744352004,1.9103625157094917,18.06058719387544
4.4750000000002395,1,28.0,,,,18.087478471016688,1.9115161926835675,17.199882631785812
4.503500000000224,1,28.0,,,,17.951863673932433,1.9178103108755673,17.39544126808568
4.532000000000208,1,28.0,,,,17.551188862349175,1.9321409787064034,18.920204801418873
4.560500000000192,1,28.0,,,,19.017142077483456,1.8352668285487586,17.439594501723498
4.589000000000176,1,28.0,,,,18.40257200806525,1.8931235669686093,18.620821545955646
4.6175000000001605,1,28.0,,,,18.655662512706144,1.8734989692175117,16.80415768353719
4.646000000000145,1,28.0,,,,18.14961811757023,1.9083341665845588,17.59455468669891
4.674500000000129,1,28.0,,,,17.472695868204898,1.9343457377346667,16.879712511442055
4.703000000000113,1,28.0,,,,17.59964244071104,1.930693319133312,17.439594501723498
4.731500000000097,1,28.0,,,,17.413056083020795,1.9359121996613942,18.20486243048623
4.7600000000000815,1,28.0,,,,18.221859056886938,1.9043768146767281,16.811959330650687
4.788500000000066,1,28.0,,,,17.929410584624286,1.918772608439556,17.375378936059683
4.81700000000005,1,28.0,,,,17.327294622703096,1.9380125991461805,19.346913583915452
4.845500000000034,1,28.0,,,,19.547069179062035,1.7477914330137692,17.439594501723498
4.874000000000018,1,28.0,,,,18.505807624884774,1.8857157625247922,17.439594501723498
4.9025000000000025,1,28.0,,,,17.71339071236662,1.9270119883831585,10.4
4.930999999999987,1,28.0,,,,16.276368174256444,1.953858415274385,14.0
4.959499999999971,1,28.0,,,,11.494801693841534,1.9718402124415046,17.6
4.987999999999955,1,28.0,,,,16.72537925991213,1.9488259190810915,21.2
5.016499999999939,1,28.0,,,,21.3255460031361,0.8653332799459303,17.439594501723498
5.0449999999999235,1,28.0,,,,17.754939567007977,1.925561113271908,11.105169583154549
5.073499999999908,1,28.0,,,,16.39743073088838,1.9526810078612236,17.6
5.101999999999892,1,28.0,,,,17.006479854588378,1.9445141119155496,17.559440421031656
5.130499999999876,1,28.0,,,,17.84845809170987,1.9220688297132007,17.599999999999998
5.15899999999986,1,28.0,,,,17.83358834751015,1.9226459869279298,17.439594501723498
5.187499999999845,1,28.0,,,,17.801037613078414,1.9238800882009457,14.705169583154548
5.215999999999829,1,28.0,,,,17.054071533549532,1.9436685273739964,19.21311508799018
5.244499999999813,1,28.0,,,,19.521071319332318,1.7532076126967078,17.517984039644613
5.272999999999797,1,28.0,,,,18.516361499673412,1.8849142456728991,15.676425305442612
5.301499999999781,1,28.0,,,,17.28409201743501,1.9390070651520908,17.439594501723498
5.329999999999766,1,28.0,,,,16.856502711191432,1.9469499240334056,18.305169583154548
5.35849999999975,1,28.0,,,,18.317778568825666,1.898658551199694,17.548375619048343
5.386999999999734,1,28.0,,,,18.177116703944193,1.9068615078759668,17.45761991205813
5.415499999999718,1,28.0,,,,17.770231944074343,1.925011934171571,19.27642530544261
5.443999999999702,1,28.0,,,,19.462231906939977,1.7649801672989809,17.439594501723498
5.472499999999687,1,28.0,,,,18.504241354197973,1.885833990698365,19.385035811920517
5.500999999999671,1,28.0,,,,19.59025160672004,1.7384938203092226,16.688444546226926
5.529499999999655,1,28.0,,,,18.366800893179303,1.8955162149665152,17.498085495101652
5.557999999999639,1,28.0,,,,17.350679261378303,1.9374569279714302,18.877790251990017
5.586499999999623,1,28.0,,,,18.974057386706598,1.8405782837613631,17.439594501723498
5.614999999999608,1,28.0,,,,18.391288148260536,1.8938876282561956,19.055261203822695
5.643499999999592,1,28.0,,,,19.188190125804038,1.8118008965472245,16.45474803200753
5.671999999999576,1,28.0,,,,18.24535852237269,1.9030264181898253,17.489047748758843
5.70049999999956,1,28.0,,,,17.20577971525552,1.9407087081625254,17.557760479566678
5.7289999999995445,1,28.0,,,,17.78509342422843,1.9244702100669002,17.439594501723498
5.757499999999529,1,28.0,,,,17.769861950382488,1.92502531964681,15.526294362228372
5.785999999999513,1,28.0,,,,17.19292179829284,1.9409762323550592,18.644909642055445
5.814499999999497,1,28.0,,,,18.566018431680565,1.8810268489920037,17.488732006986066
5.842999999999481,1,28.0,,,,18.31584297824346,1.8987794736587913,19.385754144128594
5.8714999999994655,1,28.0,,,,19.599389611530018,1.7364770138003114,17.439594501723498
5.89999999999945,1,28.0,,,,18.52373332383421,1.8843493272332488,18.469427648161968
5.928499999999434,1,28.0,,,,18.494126133880826,1.8865930615700148,17.78171196632447
5.956999999999418,1,28.0,,,,18.350464649628112,1.8965806176606719,17.468254543722193
5.985499999999402,1,28.0,,,,17.899539220328297,1.9200199214727123,16.20149141297897
6.0139999999993865,1,28.0,,,,17.370068469096115,1.936986651920702,17.439594501723498
6.042499999999371,1,28.0,,,,17.04990608515481,1.943744032111,19.556619885798423
6.070999999999355,1,28.0,,,,19.800477781967896,1.6874166144765554,17.421928444551753
6.099499999999339,1,28.0,,,,18.536695430495733,1.8833458105898613,17.44375479638198
6.127999999999323,1,28.0,,,,17.705383621759317,1.927284821919628,18.962024370820025
6.1564999999993075,1,28.0,,,,19.06374902955719,1.829260140418279,17.439594501723498
6.184999999999292,1,28.0,,,,18.41940959383614,1.8919672103032537,17.720940203417715
6.213499999999276,1,28.0,,,,17.85694933006359,1.9217354064536398,18.228570974783043
6.24199999999926,1,28.0,,,,18.337777443495384,1.8973952899971398,17.438552407713846
6.270499999999244,1,28.0,,,,18.113655724692652,1.9101998278729693,20.171351937299843
6.2989999999992285,1,28.0,,,,20.461733122597717,1.4464546966584497,17.439594501723498
6.327499999999213,1,28.0,,,,18.471907865573964,1.8882335316962127,17.439594501723498
6.355999999999197,1,28.0,,,,17.68973883238032,1.927811729203606,10.4
6.384499999999181,1,28.0,,,,16.25450363201358,1.9540591775432083,14.0
6.412999999999165,1,28.0,,,,11.475953104723962,1.971887056377351,17.6
6.44149999999915,1,28.0,,,,16.712754402330635,1.948995309238344,21.2
6.469999999999134,1,28.0,,,,21.326756371550857,0.8642523943284399,17.439594501723498
6.498499999999118,1,28.0,,,,17.748464600577474,1.9257911516662454,13.21664062503502
6.526999999999102,1,28.0,,,,16.766737068871688,1.948257633482315,17.6
6.555499999999086,1,28.0,,,,16.715997899256223,1.9489519696921724,17.296897458684057
6.583999999999071,1,28.0,,,,17.74510267883942,1.9259100125976771,18.75769971648033
6.612499999999055,1,28.0,,,,18.79776076694995,1.86008987126867,17.439594501723498
6.640999999999039,1,28.0,,,,18.352651255659595,1.8964391585061566,16.24353565333593
6.669499999999023,1,28.0,,,,17.345343613656933,1.9375848136084366,19.249751595179138
6.697999999999007,1,28.0,,,,19.445670145259417,1.7681758448190847,17.28820594660656
6.726499999998992,1,28.0,,,,18.46393237149008,1.8888135186691903,16.401813911395998
6.754999999998976,1,28.0,,,,17.29536257179005,1.9387515732214289,17.439594501723498
6.78349999999896,1,28.0,,,,17.156680991397955,1.9417130507755802,18.71381650551797
6.811999999998944,1,28.0,,,,18.761774340450156,1.8636681022152075,17.07242537807018
6.840499999998928,1,28.0,,,,18.252193059597698,1.9026276523810877,17.55288388185949
6.868999999998913,1,28.0,,,,17.569751000387758,1.9315944782088659,16.266559850690083
6.897499999998897,1,28.0,,,,17.410379371566638,1.9359804096684077,17.439594501723498
6.925999999998881,1,28.0,,,,17.087848033513374,1.9430453774595782,19.333424746875583
6.954499999998865,1,28.0,,,,19.531471850261422,1.7510569444565947,16.58665253431529
6.9829999999988495,1,28.0,,,,18.34455882878309,1.8969611355178233,17.252958353631346
7.011499999998834,1,28.0,,,,17.120901189534713,1.9424163015228086,19.866559850690084
7.039999999998818,1,28.0,,,,20.15839232635431,1.5742831014208125,17.439594501723498
7.068499999998802,1,28.0,,,,18.536951856696536,1.8833258261520869,17.784464092338812
7.096999999998786,1,28.0,,,,17.896111532007346,1.9201606905488429,17.52357303259298
7.1254999999987705,1,28.0,,,,17.915842187456896,1.9193437734300571,17.23181115119804
7.153999999998755,1,28.0,,,,17.664099060101243,1.9286579024284878,19.170362127226387
7.182499999998739,1,28.0,,,,19.32170645914138,1.7905415023425884,17.439594501723498
7.210999999998723,1,28.0,,,,18.489615559162758,1.8869290665837586,18.365677197575828
7.239499999998707,1,28.0,,,,18.376872085037448,1.8948512546295302,16.442715101332507
7.2679999999986915,1,28.0,,,,17.949304686468167,1.9179210749880724,17.475079141695847
7.296499999998676,1,28.0,,,,17.230225741828846,1.9401910253080998,16.82662977497088
7.32499999999866,1,28.0,,,,17.49651061742116,1.9336945067948315,17.439594501723498
7.353499999998644,1,28.0,,,,17.365671873008615,1.9370940582144798,18.689811830154113
7.381999999998628,1,28.0,,,,18.746060505209208,1.865190631522118,17.080094796146295
7.4104999999986125,1,28.0,,,,18.23083908588342,1.9038645356253037,17.507049785935614
7.438999999998597,1,28.0,,,,17.536942924641576,1.9325537403827608,18.461371841257638
7.467499999998581,1,28.0,,,,18.494399054535872,1.8865726820581197,17.439594501723498
7.495999999998565,1,28.0,,,,18.231289762525382,1.903838704185993,16.806638122994727
7.524499999998549,1,28.0,,,,17.49027409855163,1.9338665066014202,17.119967012189875
7.5529999999985336,1,28.0,,,,17.19337407840274,1.9409668771182174,17.04791362638618
7.581499999998518,1,28.0,,,,17.349042344228675,1.9374962314643207,18.393260044795586
7.609999999998502,1,28.0,,,,18.32482446321267,1.8982163799833123,17.439594501723498
7.638499999998486,1,28.0,,,,18.195582910103685,1.90584952083123,19.651542321443436
7.66699999999847,1,28.0,,,,19.911060885917248,1.6562758414702723,17.484067660281596
7.695499999998455,1,28.0,,,,18.57027930691537,1.8806841657571118,17.530025209662096
7.723999999998439,1,28.0,,,,17.770660557425817,1.9249964218527857,16.936231614761848
7.752499999998423,1,28.0,,,,17.565426764910782,1.9317226774007756,17.439594501723498
7.780999999998407,1,28.0,,,,17.446137412914403,1.935054478842563,17.439594501723498
7.809499999998391,1,28.0,,,,17.69942516367416,1.927486457459845,10.4
7.837999999998376,1,28.0,,,,16.251939261737952,1.9540824978052478,14.0
7.86649999999836,1,28.0,,,,11.506373421987528,1.9718114461071292,17.6
7.894999999998344,1,28.0,,,,16.718420468823687,1.9489195187783985,21.2
7.923499999998328,1,28.0,,,,21.326468468130038,0.8645095724282252,17.439594501723498
7.951999999998312,1,28.0,,,,17.742915271082495,1.9259871367996964,14.0
7.980499999998297,1,28.0,,,,16.92251891538252,1.9459185886143007,17.091419290953873
8.008999999998297,1,28.0,,,,15.906329994850257,1.9568436904069573,17.455674260815503
8.037499999998332,1,28.0,,,,17.501405543232426,1.9335587754876993,17.599999999999998
8.065999999998366,1,28.0,,,,17.79742684332441,1.924014546446997,17.439594501723498
8.094499999998401,1,28.0,,,,17.786041932089375,1.924435364214923,17.6
8.122999999998436,1,28.0,,,,17.787415761028463,1.9243848350518715,19.1974917982795
8.151499999998471,1,28.0,,,,19.36366734771747,1.783269016153537,17.37510203910182
8.179999999998506,1,28.0,,,,18.456764012879386,1.8893308572473542,15.697290053782346
8.20849999999854,1,28.0,,,,17.20269974301583,1.9407730867439013,17.439594501723498
8.236999999998575,1,28.0,,,,16.847851393196382,1.9470805806360956,19.33494890049702
8.26549999999861,1,28.0,,,,19.53401187574851,1.7505284580271019,18.26443937332667
8.293999999998645,1,28.0,,,,18.789570223816515,1.860915631091567,17.393307643789097
8.32249999999868,1,28.0,,,,18.128098649727015,1.9094586271764882,17.276809887724493
8.350999999998715,1,28.0,,,,17.63196590563543,1.9296886962868738,17.439594501723498
8.37949999999875,1,28.0,,,,17.61929633630285,1.930086267616527,18.808577900958888
8.407999999998784,1,28.0,,,,18.88479514431029,1.8508851543208147,17.794334923814418
8.43649999999882,1,28.0,,,,18.47218980722995,1.8882129433748465,17.46715675171571
8.464999999998854,1,28.0,,,,17.904099110206356,1.9198319090084388,18.806516621557726
8.493499999998889,1,28.0,,,,18.884532606980255,1.850914138738352,17.439594501723498
8.521999999998924,1,28.0,,,,18.3769949948434,1.8948430977369788,16.27167557676202
8.550499999998959,1,28.0,,,,17.356643476829674,1.9373131998266584,17.505382395488652
8.578999999998993,1,28.0,,,,17.152460862072694,1.941797229920038,17.344781448308247
8.607499999999028,1,28.0,,,,17.703149312130588,1.9273605702398298,18.720482416743486
8.635999999999063,1,28.0,,,,18.76610492151095,1.8632442839557464,17.439594501723498
8.664499999999098,1,28.0,,,,18.33777359592594,1.8973955354853147,17.787321768398506
8.692999999999133,1,28.0,,,,17.897438029082753,1.920106270615229,18.219343871014875
8.721499999999168,1,28.0,,,,18.342377397910816,1.897101116985192,17.3961139693175
8.749999999999202,1,28.0,,,,18.099427730881917,1.910919585257291,17.555028909342532
8.778499999999237,1,28.0,,,,17.736708148267688,1.9262050840561333,17.439594501723498
8.806999999999272,1,28.0,,,,17.761429282650575,1.9253290688286717,19.213039086807708
8.835499999999307,1,28.0,,,,19.38454623333083,1.7795387401734588,17.152547863544207
8.863999999999342,1,28.0,,,,18.411734338444766,1.8924967527199976,17.47266909720384
8.892499999999377,1,28.0,,,,17.57325009217257,1.9314903445997447,17.375403210339172
8.920999999999411,1,28.0,,,,17.679784551655708,1.9281427818214287,17.439594501723498
8.949499999999446,1,28.0,,,,17.681416996903796,1.9280887132159361,17.644432826967485
8.977999999999481,1,28.0,,,,17.816365217336465,1.9233039307161306,18.086745379136914
9.006499999999516,1,28.0,,,,18.185821361961576,1.9063868100752144,17.30878398005803
9.03499999999955,1,28.0,,,,18.008781186620837,1.9152721309042045,17.694297195888968
9.063499999999586,1,28.0,,,,17.766657203259868,1.925141054877316,17.439594501723498
9.09199999999962,1,28.0,,,,17.829502226651716,1.9228031001782115,18.15624579969085
9.120499999999655,1,28.0,,,,18.17838154817894,1.9067927883261173,17.99781089582122
9.14899999999969,1,28.0,,,,18.32997738350753,1.8978910159302573,17.36855315738295
9.177499999999725,1,28.0,,,,17.972006204866346,1.9169285131189902,19.592457071978462
9.20599999999976,1,28.0,,,,19.843343374899714,1.6757188025411645,17.439594501723498
9.234499999999795,1,28.0,,,,18.540333655380934,1.8830617852988933,17.439594501723498
9.26299999999983,1,28.0,,,,17.712527823435227,1.9270414941149943,10.4
9.291499999999864,1,28.0,,,,16.272635013172867,1.9538929395401794,14.0
9.319999999999899,1,28.0,,,,11.467589164007705,1.9719078383540627,17.6
9.348499999999934,1,28.0,,,,16.724672545979004,1.948835450922062,21.2
9.376999999999969,1,28.0,,,,21.3255276119066,0.8653496974211216,17.439594501723498
9.405500000000004,1,28.0,,,,17.747019146786098,1.9258423041520971,14.0
9.434000000000038,1,28.0,,,,16.93224770499143,1.9457613134097913,16.076318856104223
9.462500000000073,1,28.0,,,,14.907457890702522,1.9620848934834634,17.46219542570097
9.491000000000108,1,28.0,,,,17.01932126162276,1.9442896011270265,17.599999999999998
9.519500000000143,1,28.0,,,,17.78726925723944,1.9243902267074062,17.439594501723498
9.548000000000178,1,28.0,,,,17.797755617688775,1.9240023234043138,17.6
9.576500000000213,1,28.0,,,,17.77712206918903,1.9247617688244967,19.307344014990306
9.605000000000247,1,28.0,,,,19.504808185725732,1.7565280726386192,17.38418590868527
9.633500000000282,1,28.0,,,,18.493063816917264,1.8866723336278293,15.727967763154751
9.662000000000317,1,28.0,,,,17.20588003576577,1.940706608079208,17.439594501723498
9.690500000000352,1,28.0,,,,16.86861069465577,1.9467653462493928,19.10059969038317
9.719000000000387,1,28.0,,,,19.237578781767166,1.8042580190239532,19.161160679670456
9.747500000000421,1,28.0,,,,19.406839404760124,1.7754718162567436,17.451644759383637
9.776000000000456,1,28.0,,,,18.483624806404453,1.8873729857273611,18.713902191115235
9.804500000000491,1,28.0,,,,18.76939451575173,1.8629211142697395,17.439594501723498
9.833000000000526,1,28.0,,,,18.329601717685048,1.8979147930882545,18.52934161840878
9.86150000000056,1,28.0,,,,18.560367886070996,1.8814790414465845,18.076224239587468
9.890000000000596,1,28.0,,,,18.491325149427333,1.8868018937491677,17.440668928538287
9.91850000000063,1,28.0,,,,18.05927997724431,1.9128961221591159,18.32717509553719
9.947000000000665,1,28.0,,,,18.343007979527915,1.897060684370632,17.439594501723498
9.9755000000007,1,28.0,,,,18.16811658976891,1.907347978428767,16.087414162214646
